"mvbcf_1k_pehe1","mvbcf_1k_pehe2","mvbcf_0.5k_pehe1","mvbcf_0.5k_pehe2","mvbcf_0.25k_pehe1","mvbcf_0.25k_pehe2","mvbcf_0.1k_pehe1","mvbcf_0.1k_pehe2","mvbcf_0.05k_pehe1","mvbcf_0.05k_pehe2","mvbcf_1k_tau_951","mvbcf_1k_tau_952","mvbcf_0.5k_tau_951","mvbcf_0.5k_tau_952","mvbcf_0.25k_tau_951","mvbcf_0.25k_tau_952","mvbcf_0.1k_tau_951","mvbcf_0.1k_tau_952","mvbcf_0.05k_tau_951","mvbcf_0.05k_tau_952","mvbcf_1k_tau_951w","mvbcf_1k_tau_952w","mvbcf_0.5k_tau_951w","mvbcf_0.5k_tau_952w","mvbcf_0.25k_tau_951w","mvbcf_0.25k_tau_952w","mvbcf_0.1k_tau_951w","mvbcf_0.1k_tau_952w","mvbcf_0.05k_tau_951w","mvbcf_0.05k_tau_952w"
7.99659693798052,9.92980017109043,6.81123157332278,10.2158482422969,7.54268073206549,10.0862516538449,8.11860807123496,10.6463266951471,9.1111572161291,10.8555878402165,1,0.929,1,0.94,1,0.933,0.996,0.911,0.964,0.916,44.2832881639591,37.7886622487098,40.7299253568758,38.3559437819723,41.3199929608621,39.2820910840605,44.8458282357404,35.3669186813169,38.0025311329399,38.6735699077715
9.46092969657726,6.98286664905861,12.1671220416826,5.23111756024955,9.92246666244833,5.73060424605838,9.47450226995492,4.36820177143047,11.719027806752,7.85082778744425,0.988,1,0.928,1,0.943,0.998,0.976,1,0.91,0.954,44.6343396137972,41.0908032399236,43.245222123447,43.8319472294758,42.8182448324336,35.7156355355226,42.3076045500909,41.9196043376493,40.2300494930935,37.8267407217704
10.1529374883697,7.50907713157078,9.44358655216327,6.85600621276469,10.7658829414479,6.04680072286811,7.67880572631404,7.34198908567718,16.246121803094,11.0047861371362,0.922,0.992,0.935,0.989,0.901,0.999,0.984,0.992,0.82,0.93,37.8787523997138,35.3661402725976,37.4066264205754,35.2859100081024,39.5815951547856,38.1454556631675,38.3997858031041,36.4437207073792,46.3285592187059,44.3477458672798
9.92697496148167,7.86072496262931,9.78151397206404,8.7337659002684,10.5413917210579,8.92305164827988,9.58799349431279,8.55186921492364,11.8157592806067,11.5301318585218,0.999,1,0.997,0.974,0.966,0.982,0.954,0.985,0.924,0.851,51.7441525555872,43.0475733585862,47.7155240420132,38.6897224825774,43.7292415141719,41.5432736347237,40.3392034587793,41.0475095856499,44.0323494914402,36.4683005034439
9.70744258525901,7.23917852586995,11.181687458813,7.97217668187367,7.87847796497578,8.29302989951064,8.09744127357884,8.86528306451973,12.8295597696101,10.8798344777397,0.971,0.999,0.939,0.999,0.997,0.98,0.98,0.899,0.915,0.806,38.5775351082832,34.8727120238504,41.109221643819,37.4051985333465,38.0278905050825,32.6565304104492,34.4457211700368,28.9872244903813,40.3501237632496,30.3734839276662
8.11855812107956,8.40929929499522,8.99057865332482,6.27745397128909,8.40002954218395,10.0227945506718,7.62573220296969,8.84194679431394,13.5277703604818,12.4006049697392,0.992,1,0.985,1,0.973,0.953,0.984,0.964,0.887,0.923,43.0232563715206,44.4851832282822,45.2253060384076,45.0201695307321,44.7443011285072,44.3402011802493,37.3266691385692,35.6787878974412,45.8304049238739,46.7400437222119
5.59982448915649,9.1493408538314,5.07007176604818,8.53005194014514,5.33423510545238,9.62981459671374,9.85935078765164,12.4899093600841,5.83546839595033,12.3981315220062,1,0.967,1,0.977,1,0.961,0.947,0.819,0.998,0.834,41.6559160406019,39.5831387002082,45.7198996929362,37.0838119149794,45.863488846131,39.0665788264371,39.6043416536192,32.6961161677061,38.7211203195039,36.4708417479562
7.26099648735201,15.123500385491,6.25451348700985,13.9852067299417,7.62382347043076,14.3516558793391,9.80072098506188,14.9251219169676,9.62613790017846,15.38385168394,1,0.776,1,0.835,0.984,0.774,0.934,0.721,0.946,0.72,38.4409053500002,41.7989780906832,39.7063692621114,43.316839280787,35.474406062141,40.6499355230097,35.4687729880424,38.0239929024715,39.3638422660918,37.4686824907928
10.3351957772865,4.7292087791107,11.5874562304743,5.28243398610549,10.3900986256742,5.22862757963575,11.1699586254805,5.77431146850926,12.4035162573723,6.03480585499764,0.971,1,0.946,1,0.939,1,0.892,1,0.729,0.914,44.9786119891577,42.856996156075,44.0134941974153,40.3496976004287,40.3293780124038,37.1117277181987,39.3656348644121,39.0527384066564,30.7480168962559,28.6294178742513
10.4462213530082,12.4027511880337,9.87727499114408,12.0085233642218,13.0723107487923,11.3453434994214,13.2391779833695,12.009751580934,13.6466230316178,13.5706550139712,0.961,0.855,0.935,0.89,0.808,0.892,0.832,0.858,0.87,0.726,42.2119922822768,40.5181082638202,38.1611632302084,37.8104017931476,38.2284667814031,38.905914835925,41.1569107325498,41.8050251095311,40.0575958516924,31.3685378174253
10.8993448070267,10.9934784690072,10.1255248164629,11.171077296786,12.1669306250306,9.92509924621652,10.9008419714895,12.1276612941453,12.0583169985732,13.5001660533099,0.973,0.931,0.998,0.879,0.951,0.92,0.833,0.818,0.896,0.854,46.7506435443808,40.7139423352249,47.519774534607,36.1273900424646,46.88518725496,41.0160287864408,35.091136969148,31.3005255337158,40.657180500508,43.4174639583574
7.70653496803787,10.1516880151807,8.03740700577867,9.19080867138147,8.53023164026226,9.20552487053063,7.36583501237488,7.00014945280926,8.62780663101143,9.88106936819966,1,0.945,0.996,0.944,0.989,0.937,0.981,0.975,0.944,0.798,41.9318376460357,38.5565363574524,39.7921246722214,34.1318173584837,40.0352179242982,34.276087659324,35.1801118923269,36.2493043922594,33.5003566218681,28.7573961714054
6.48241663709036,17.5001891170288,7.65409048937806,18.4724027523233,7.20703803392192,16.7586918870491,7.41441372025416,17.9883613436541,8.9901788153798,14.0646981451103,1,0.591,0.988,0.513,0.995,0.631,0.966,0.441,0.944,0.708,41.3132269725946,35.5319047397695,36.0262478621331,34.4152632135528,37.5740614368507,35.1635498440605,30.1706351304116,30.025661793765,37.8687604786671,36.511459809101
7.66704558430769,8.77855053922471,8.66728553410398,8.58805532040782,8.16631361996172,9.53343428140147,9.58393619198195,9.78866362040996,12.6987144522452,10.4175797986439,0.999,0.978,0.983,0.977,0.997,0.924,0.956,0.961,0.866,0.944,40.1388862935786,38.3399480411323,41.603915034519,37.4927191067308,43.1168204798707,37.3112507843907,42.7036367629715,35.9743320486678,43.1200832317679,41.7386819504189
16.8932400941061,9.49602665704477,16.5022131458572,10.4406841019859,18.3872842059549,8.60103743762773,18.5644092859684,9.76305718212479,22.9006104193031,12.0310004562322,0.768,0.99,0.739,0.978,0.596,0.962,0.623,0.944,0.54,0.829,44.0175317180815,40.8643525818244,43.5017884523492,39.0745196286718,40.2123673791294,37.2268491610927,40.2774309720119,40.0776632867739,42.3735254455606,37.8868207249482
9.93675397378415,10.6271654373512,10.6965738306361,9.64558317190368,10.4228175666655,10.5660693744138,9.98625602896665,11.8710362091279,9.85109936493722,12.1928071831574,0.987,0.972,0.959,0.985,0.975,0.974,0.964,0.834,0.945,0.911,46.9643195871954,40.6678749207579,46.6847340055102,39.3989290385423,47.297687483087,39.0067701776699,45.9031574628551,33.4463589963056,43.9531085903727,43.2273531040958
12.0356381793309,7.29411518830191,11.758440938551,7.84022924227232,12.0256481096793,6.91274416187412,11.8778290975547,8.4356760123989,12.4683955538961,10.8106218672568,0.978,0.997,0.952,0.987,0.963,0.987,0.876,0.965,0.844,0.855,51.0823840475221,42.0005629128475,47.0027188060663,39.4591458500728,45.5908716783729,38.5436327212404,38.6915238829773,33.9645211423277,39.0711201767944,32.4458263724061
7.91211188314935,11.3931862474928,8.26048375619028,11.268493720946,9.61519226096868,10.9402638958672,8.66903721831408,10.876205472694,8.30390339044884,16.8668176805547,0.994,0.958,0.978,0.946,0.969,0.946,0.922,0.895,0.929,0.688,40.9808285342594,44.8006447655514,41.7227382597802,42.2197733110462,39.0095671231862,41.649643323173,37.7305425815733,40.4853504410099,37.5748457908481,37.230052241147
10.545093507521,9.21794246390055,9.9861693060725,8.9811386281524,10.4775962898545,9.26842775198565,12.1862825125317,8.60214749602405,12.8413290559778,11.024725777011,0.945,0.976,0.958,0.969,0.926,0.948,0.837,0.904,0.925,0.847,41.7020285296981,35.7348591711729,43.7906918028131,36.9439514114983,41.0225105432635,33.2805955562106,37.2499873747996,35.4685484453581,47.9275697155243,37.3716664501079
10.4784333017245,10.3944379680286,9.88804824745903,10.2862845278309,10.6873478961949,12.3749732924447,11.1090012692342,8.44199754687776,10.6982511628766,14.2052649064995,0.939,0.93,0.964,0.889,0.928,0.865,0.849,0.984,0.921,0.796,38.6156531668723,38.6862446844422,39.4320171595457,39.8302894070466,40.8267983662432,39.35042217619,34.9641345857365,37.3887130120161,39.6534549377298,42.3317529262595
9.95313017797822,9.1989548149396,8.29895588350752,9.51785868521671,12.2736461705287,10.0618724188278,10.3954849738468,10.1453777189981,11.3391781590223,10.237128592268,0.984,0.981,1,0.955,0.895,0.946,0.863,0.852,0.889,0.862,45.1263467774474,39.2467064062535,42.997169587869,37.1736861376156,42.4418348095887,36.870609830787,34.4037212361998,30.6935594651975,38.7158868513869,34.3091948995477
10.9948906620943,7.43034037821536,10.2666633529346,8.41567657841194,10.73890363385,8.05531893243783,12.1453390019542,5.99379876051345,16.2885781928851,8.20893712927693,0.973,1,0.964,0.992,0.971,0.985,0.857,1,0.82,0.985,46.4305082198565,40.225194519406,43.1151551422562,37.1809909449851,44.9042265946777,38.4178266735695,35.4270896382046,36.2020181698439,45.4612186854289,40.5958183510656
8.13498161638426,8.39855595616741,9.99921766488728,9.09954218659793,8.96931281531508,9.75570437390133,14.0794837679572,10.1072976235794,9.36162537591251,12.5833671457985,0.994,0.994,0.972,0.981,0.953,0.964,0.823,0.868,0.932,0.884,36.7550807624032,39.1014796359362,39.5317505433714,38.9709065404222,37.1826202041491,37.8501892186127,36.5085439185962,34.6973883773022,36.3671750661585,40.7805797571742
6.31244639025001,7.51144065307581,7.86620863986815,6.99941917519805,9.94579080473084,5.46533160826095,7.0676532796342,6.79924077364031,11.4978800833368,7.31376737569028,1,1,1,1,0.981,0.997,0.979,0.98,0.83,0.913,39.8342166182231,36.5918797464668,42.0113514767405,35.8444719412747,43.4663430319217,38.9650433706499,32.0746146845881,34.8032930684939,29.1425459756814,29.0272827733765
9.32966337304992,10.4824644689874,6.97517667894856,9.27672528147757,12.3224025639352,10.4327682001219,8.84642732428459,11.6312106253291,12.2506421833852,17.396380556746,0.978,0.945,0.999,0.959,0.88,0.917,0.969,0.838,0.855,0.67,43.2237854922499,38.744757886023,42.4737800154063,36.5117275128612,38.0169488920983,37.2826237525086,42.0523739576182,34.8123800797112,36.8558380795792,37.7911695837021
7.28898510145164,14.0320644340109,9.06831440267659,13.0883832976724,8.79308691149505,13.8838818711636,7.42747563931853,13.6974560141941,12.0841635999825,14.1686810199282,0.994,0.839,0.991,0.918,0.949,0.666,0.986,0.761,0.883,0.839,41.2737882077818,36.7623531698934,41.0012141280087,36.3907358408397,36.235811379565,31.784633042184,39.4239742880651,33.2222737819432,40.1771070433365,41.6496316804109
9.14304454969995,8.82785843165271,7.85579257864558,9.07289889745617,9.466055058611,9.30693881602987,8.87084203332965,9.78744962741044,8.12115429735543,9.11529927666429,1,1,0.999,0.976,0.968,0.967,0.971,0.979,0.954,0.97,45.0579512911352,40.4060564071616,47.3402385103089,43.2094007913488,42.8005259452147,38.9015107825735,39.0096132539983,40.2555472653226,35.308783323669,38.7060560536598
9.15681751518513,5.83376339532138,8.88313070354921,4.72831785834325,8.30860894788542,5.63946601635493,9.59050107724559,9.47568723664806,11.2921558361537,9.06557160876106,0.983,1,0.963,1,0.993,1,0.945,0.947,0.896,0.922,40.926017022952,39.8748906323175,38.7073607390036,39.4864515435629,37.367909850439,39.5738635113355,37.5540849772359,39.2016193490262,43.7398255709717,37.2035790067017
8.22094693753877,9.24476433041424,8.4180670130664,9.92104460510908,8.37740164072635,8.3465679920387,11.216971556744,8.30850845884622,13.0681458572484,8.70374932712693,0.995,0.974,0.993,0.993,0.982,0.971,0.952,0.949,0.893,0.975,45.2675453621098,38.3441135519358,42.8129156350114,40.2556363589471,41.2007888272907,38.5071405119518,46.1505880401464,38.866125635117,46.0992509623305,40.464298303637
7.88537645893092,5.90717269191671,7.95960814770625,7.12761890408536,7.10514424596726,6.92730346396772,6.79082613092319,5.29871462764109,15.9702600977223,7.44814968447462,0.993,1,0.97,1,1,1,0.991,1,0.848,0.977,43.4752818555339,46.2289321036514,39.664530465541,41.6853334219464,49.3591515343276,40.797729061226,40.1347989347964,42.7071620945018,47.1742751989162,40.9002877442718
8.84270175196385,16.427499336868,9.11773935539259,17.1295096181898,9.08312578416983,16.7944708529451,11.1381766553312,13.6262223779701,14.4215694147521,17.1294123233145,0.998,0.76,0.981,0.669,0.949,0.628,0.903,0.834,0.853,0.512,44.6469072455986,40.4713006180479,41.965738888918,38.4223554545162,39.7491449158831,34.3856303419173,38.8081211476466,37.5981833899585,47.1589168319125,32.1266105929318
6.38497441819837,7.9622028838872,9.5756456164963,8.06573126583398,5.60161331448317,8.46511655179629,8.01866431857503,8.69633145172783,8.46330634347044,12.7009790340503,1,0.999,0.972,0.98,0.999,0.967,0.999,0.95,0.97,0.837,43.1382401636324,40.1349121406658,41.1717400859824,37.2314219221944,40.3012763063918,34.7817681111984,41.3863278069526,36.1606902696348,40.011375520221,37.9952816965319
10.0029789647171,8.6463008591267,12.5588939261001,10.6955757780778,10.8725392495984,10.6483320976114,11.6882278612438,8.66922225345182,16.6557046480038,10.5511224614517,1,1,0.939,0.921,0.978,0.951,0.949,0.936,0.915,0.942,43.7065740934574,39.4457621856413,42.367375099067,37.8418192978725,41.7504547047703,35.9291723346582,40.1930771547999,36.7875216508135,53.4999643428643,42.4567364533165
8.94947917665378,12.2595242711316,8.22010907985409,10.540497322985,7.14499880299976,10.7484699537242,8.16131403345521,9.60113739933623,10.0591190839784,12.2945065566514,0.99,0.987,0.996,0.992,0.998,0.914,0.964,0.991,0.895,0.734,46.195725111926,43.2662928071351,43.9501261533993,40.0846939709292,40.9034903569922,38.475291173587,37.9303775670029,37.5663471670525,35.628202130443,30.2771148964225
13.0605267987364,14.0283298999988,11.6272306715484,15.9344750446295,12.7157749247516,15.0666818935926,14.2584306790998,16.1461594685565,10.6850130567386,16.0789804387815,0.859,0.739,0.9,0.627,0.855,0.702,0.716,0.646,0.941,0.724,37.971665339563,36.1701009616983,41.5350425337647,35.3239461817015,38.5170571500325,35.7647796582415,36.4607920042557,34.7037650661146,39.1031690003245,35.676881131188
8.65527819580957,10.7363365935453,10.2580743331656,10.3790327903558,9.08260548052556,11.3051008432672,11.5796797092251,11.0045943003065,7.56175949147614,11.7942380826054,0.997,0.974,0.974,0.965,0.96,0.939,0.826,0.867,0.96,0.847,44.2985509719449,38.6490171548974,43.1825499936357,39.3952734761197,42.0188138483819,37.5694341846404,34.2659723149063,33.6802110283347,37.1328624066626,39.8644393892674
14.7769415176343,9.1183954177179,16.4501152529602,9.15736290326112,14.2884514394078,9.38387515175385,17.5444226431925,9.91858913042103,12.9309104699668,7.75611618643863,0.617,0.941,0.601,0.945,0.68,0.907,0.563,0.832,0.705,0.961,30.5984125670743,31.6822591212121,32.9503756825722,32.1500933551996,33.2405771266484,35.4495145942073,33.2565375894501,28.1696374803017,30.9732529861444,30.7627622333274
15.209168344319,6.81600826268699,17.0378530579291,6.3048024630177,14.4279002175636,8.1468439642703,17.3685276062561,9.65319639601644,15.8002295177214,11.7217552398772,0.864,0.999,0.758,1,0.842,1,0.651,0.978,0.702,0.899,45.1200031365194,40.279724800282,41.5816803727322,43.8029922037007,42.1298120927457,41.1044329048234,38.079386027881,42.0004769563479,35.1501011663993,36.6224992040649
12.4451685520314,16.5534195251151,11.1549230860113,17.0493640759649,14.0595602544188,18.1261293429496,14.4818347838243,17.0590421708296,14.0220823694597,17.9028031819401,0.941,0.752,0.955,0.635,0.898,0.682,0.763,0.516,0.971,0.728,44.2116065477853,42.6973870992172,42.987081659154,37.7076749523638,43.9615306040301,42.7726896232794,34.3521564862366,27.5177291644373,51.1220616959801,42.6403023504166
11.2251466416227,8.7324992955407,10.5624944187604,10.5586043785984,12.2648903989985,12.0546778586504,11.3714643678804,9.13678879326358,9.52484166105423,11.0992784971886,0.951,0.993,0.969,0.87,0.827,0.828,0.845,0.957,0.917,0.775,43.3290365751546,38.9822797704298,39.5922311638968,34.9015803979469,33.4529176100319,35.8661623854787,35.2186091110105,32.5127263737193,37.2666106735663,31.320108342115
10.2065851120679,6.8185898500476,12.8405029792439,5.4743256123027,10.4092926614009,7.28694286824039,9.43874340690977,7.91079347878821,13.2322508660806,6.96951145431029,0.964,1,0.889,1,0.933,0.997,0.911,0.983,0.811,0.996,42.7246850826082,36.5456331898294,42.4011998036607,37.9685836617473,42.1761344681424,39.9921270483698,36.8242009717916,37.8606739934598,41.6206001532895,41.5268209127591
9.16541198535083,8.92450327819008,11.1266709253679,7.16246220466446,12.0931741673622,8.7144115052194,10.9967386680359,6.97784619591722,14.7961489829484,8.60021298316227,0.988,0.985,0.904,1,0.857,0.957,0.915,0.949,0.674,0.882,39.5652308991693,39.8691451110751,38.0337421578085,42.3371252928359,37.6994316616718,39.3630108229799,37.1607712786545,37.090564817959,33.9408959807146,29.7470816803932
11.2597790421114,8.16380524645666,13.6900475577559,7.37681953937425,10.7160277638063,10.1375207034615,10.5714352412772,8.55714672221741,12.7615956675063,9.87179221190566,0.974,0.972,0.922,0.992,0.938,0.919,0.921,0.853,0.789,0.782,46.6915876866907,37.875301058237,47.2505251213834,38.5033707353306,40.7551961599985,38.3526443603477,37.4844525717371,27.6596615383191,37.1407937311637,29.6443241045374
13.2679587188826,10.1704345212362,12.3132684039814,9.80644297520681,15.1448640712621,9.67076782515632,13.083236957547,10.0269071165107,15.5973811196265,14.4878293582884,0.952,0.957,0.917,0.976,0.795,0.944,0.858,0.912,0.764,0.761,44.7249090507901,39.138717054251,42.1192057204783,43.1124239102276,41.3708651551516,35.7436208872106,39.7036103790373,35.3879830502431,44.5812295182732,35.8421380392933
10.6514208736426,10.2211198850584,9.48027255248912,9.45782682280017,8.54239788560804,10.1515401601951,13.1384489536173,8.6646586014939,9.61100474175567,9.42696533686955,0.975,0.925,0.992,0.979,0.993,0.941,0.799,0.926,0.876,0.852,43.6383536330146,37.0476066263538,45.7870806747236,38.4706465304171,47.2022776459458,38.2898485459634,36.6681181648352,34.2611793984702,28.4925676832742,30.7638499948871
7.22409439172989,9.81219515869376,8.08031111818892,8.46238556074727,9.03071160389893,10.2392326242239,8.59153523438034,8.67766284172953,9.75653741750891,10.9574198991112,1,0.984,0.997,0.972,0.989,0.959,0.974,0.97,0.967,0.804,48.8499976234196,40.7036238124807,44.4526148306266,34.8609152976972,43.5662053144961,41.214526784256,40.2237280228279,40.0694214611701,45.8936028341394,33.3416309160504
8.30985193220192,9.43815754011202,9.03159050461195,7.33287769395514,7.33986201639695,10.9847515215154,12.6686100406167,11.1395565905824,11.9874840973174,8.75679400293789,1,0.997,0.996,1,0.999,0.928,0.894,0.834,0.934,0.937,43.991289625249,38.0718336719389,42.3947392256718,37.8747100096292,42.1178181111448,34.8186206305024,39.954668611783,33.0442518081284,48.4476689179422,39.4548111917159
9.58066990149395,8.74294680424734,7.9281479950166,9.49325750807401,9.60407327014108,8.95606740057078,9.31164265637608,9.30151090693897,9.69292132642101,9.27060249204239,0.98,0.996,1,0.956,0.932,0.962,0.926,0.871,0.958,0.937,43.7800226835868,35.5355236982906,41.2756567485693,36.4045522581535,39.2099814588186,32.6877753581266,36.6966705161952,30.102586018169,41.6785892012298,38.4853605338977
8.20074935983869,16.1253671275522,8.96650673370789,17.2254860806066,8.07299777979661,14.2599833823605,9.62152012604503,18.2949831531795,9.01445319753321,14.1616875325877,0.981,0.705,0.973,0.672,0.991,0.729,0.913,0.551,0.974,0.758,37.0549418681181,35.0521522294622,37.0392984150189,33.4779999107516,41.475708713772,34.977275032622,33.3126212909053,33.0349630516378,41.6856530503915,36.5701114872102
11.4724071641704,17.474828626648,9.69821688072471,16.9937501429925,9.92703969252662,15.5831233376403,11.2164791612805,16.7627431817603,12.0111109176328,16.3959332352199,0.924,0.656,0.93,0.648,0.948,0.707,0.901,0.579,0.896,0.615,42.0180267306669,38.2062196669792,35.8761461145223,37.4916030232049,42.5804135124851,37.2483417548564,37.580548632628,33.0296695485313,39.3891634691801,34.6238475264007
8.83009668450416,8.05408147877519,9.35759563523434,7.97610472410578,11.4070036304461,7.59037980090813,8.8367562095255,9.23227944266815,7.59072864971247,6.7330904987815,0.938,1,0.922,0.994,0.825,0.986,0.91,0.937,0.971,0.98,35.4256591542252,36.4890542600258,36.260604820183,34.8890515632111,35.0047136038158,35.8269183131351,31.8754670124675,34.8982334962679,35.7694569620655,31.7167680799242
7.39337485577295,10.0845556398566,7.7313900020201,9.89535688310738,8.775141133914,10.7734667537559,8.98418925856078,12.3577161446256,9.81508409113079,10.6099556064771,1,0.942,0.999,0.96,0.981,0.933,0.961,0.872,0.923,0.924,43.1902739339973,36.8455566237061,47.4572452929673,40.8221386806105,40.7094607866872,39.0879835170782,42.0981539864576,38.1111335664987,39.9334515621479,43.3795834233904
13.0471600270949,12.70140386382,14.169850311731,12.9832827510749,12.3276309861446,12.2911987347725,14.785191518342,12.0468405130332,12.170314089653,12.5156274086718,0.882,0.994,0.878,0.973,0.892,0.94,0.707,0.701,0.928,0.744,42.05096290546,41.882428587105,45.3051594333626,39.3614943562056,43.1781780904807,39.0408565202851,34.4087932827622,32.1594393737623,41.3330187358109,32.7916250502258
7.47723508819279,10.9096570314668,8.26166301807977,10.8774772363175,7.91287269163201,11.7727311147301,9.35632788403903,11.8206441929502,11.1725341356389,9.44666670541269,1,0.86,0.975,0.874,0.991,0.811,0.95,0.826,0.913,0.884,39.5718509265839,34.3828457952746,37.6404132241878,34.1542985355945,38.757278759787,34.8206250908323,39.4616778320757,35.0765640490324,36.0691878337808,30.2096483985596
7.33073547423478,10.2276389577603,7.69807566944386,9.39896948827467,7.94685156926245,11.5956972700182,7.51284769933011,11.2973802330054,10.8787876388716,9.65043983591653,0.998,0.88,0.994,0.929,0.923,0.863,0.907,0.771,0.884,0.911,39.5313842085759,33.473443283724,38.2541673807726,32.0184855860646,29.6988406777319,32.0330184947361,32.0228675365666,30.1106953009865,37.7448404041472,38.9469411656881
9.2265023034113,8.55131473783908,10.8665943036927,8.9017874866203,10.1022098296897,8.17038443168568,9.31804064663858,9.92488489129049,14.60254024738,12.8891886321272,0.996,0.994,0.988,0.981,0.957,0.977,0.913,0.938,0.61,0.695,47.1064457627969,36.7245380963796,44.3210416452798,39.0456293353274,43.0632265736003,35.2620478512341,38.3683828375272,37.5208443416625,29.7976289096193,27.0884649265134
23.5447202544498,10.1001169713866,23.4981166483843,11.8978373469275,24.7246388934656,11.284028233126,21.951180734499,12.6346263181974,24.0337386470065,11.7413431983701,0.462,0.937,0.437,0.876,0.374,0.843,0.407,0.728,0.523,0.89,45.4707835216353,39.7307308036146,40.7142734323041,38.9939636938733,43.2247543233033,36.9529440478474,37.850436504425,33.4375579447121,42.2857764654436,38.0924487189736
8.77284292524626,6.01610770535888,10.7469875094644,7.04652805210534,9.5367215134034,7.14854573696344,6.9206142870116,9.94977725114996,8.6817023962964,9.90086456594257,0.996,1,0.97,0.992,0.957,0.994,0.991,0.917,0.952,0.921,40.3017034447795,40.83959875435,44.4289935174704,42.041631913228,37.9510260812349,40.9127147501822,37.9241576705073,34.4083496738769,34.4694726721127,34.6819748271651
8.33697128042769,7.34529600730644,7.65987611191459,7.75422741117967,8.82752593416097,9.69667446866348,9.92451188779184,7.98131560753195,12.9239926806753,7.69344429903541,0.999,1,0.999,0.997,0.984,0.988,0.855,0.971,0.884,0.986,47.6567888966207,41.6613716027098,45.1950944228517,41.6155110090872,45.033656634888,38.8393511061299,32.598908953695,34.5659973380338,45.02425458404,40.3527591085864
8.05162081710049,7.42026370738566,7.85742242947899,7.89254138329411,8.86986242057929,7.38383285007081,9.91437967814194,7.22347344265575,10.9423492062206,5.99557358161322,0.997,0.998,0.994,0.986,0.941,0.999,0.943,0.997,0.908,0.997,40.0303428313588,36.8024096218365,40.0272253557685,37.714021403584,37.8646098755491,36.8975299834262,38.9891642311408,34.9394930325323,40.4156166709957,38.371829397783
7.75613897939946,7.61418260164078,8.45253248743019,6.91088386197391,8.46358205831542,8.01123637249152,8.04871478663806,7.69958836692671,9.44423205185432,7.47695760414247,1,0.988,0.987,0.995,0.95,0.977,0.986,0.948,0.92,0.985,43.7740674887927,38.0617449550799,39.3241677417698,35.4318257370106,37.5188643289131,36.8816088707492,37.1808933304682,35.4374143851346,37.2196943984706,36.620501241242
8.77574701839973,8.89329444757584,8.35846964850288,6.58260937271653,9.57885837986183,6.97215286371169,11.3148608940188,7.48917538025003,14.0666387116369,8.89319315323583,0.999,0.992,0.999,0.998,0.967,0.986,0.93,0.965,0.916,0.995,48.2176375992566,41.1961495333732,44.8994669322743,37.2570427876593,42.7746854788412,36.940671504467,45.0484822540324,36.7149865855587,48.4276650771589,47.5715368009643
10.080054056713,8.25746680504527,8.36344679464997,9.36945095135879,10.3090271133974,9.44633401635994,7.60190855911582,9.55684610457829,10.1420190660242,9.5191240998599,0.987,0.998,0.993,0.921,0.962,0.952,0.951,0.9,0.939,0.867,48.7033498394698,38.8553024182858,43.4972692144408,35.0541438714746,45.6663705898555,37.2337098448643,37.6768363942282,30.6446020016415,43.9269621616889,33.2275112687566
11.1633511185096,9.53565375204583,12.0767016583677,9.2946031521338,10.0114652544749,9.38513261353804,11.7947561338123,9.46146935079998,11.2937051879104,9.87644351736093,0.983,0.947,0.898,0.983,0.952,0.931,0.867,0.9,0.952,0.92,38.5190700433149,33.26166118268,39.2317605694164,35.9846073869156,39.906457994935,37.1227850359694,37.4108701436946,31.5831924326101,45.2165846413576,41.0042833082389
8.30889408877075,9.23071115030033,7.91907962725386,7.62346200729398,7.59005402500471,8.0822873894813,8.64312016436304,9.50120552312521,9.82119728998713,7.97027102068258,1,0.991,0.999,1,0.998,0.981,0.96,0.951,0.936,0.972,49.9863737189425,45.3905838465506,47.2672942437654,42.3968028304628,49.0679022052127,41.1470342371333,37.0071312258317,37.385728545949,40.1362275764662,35.5066194141756
15.8886139425647,7.96686216601481,15.605353659666,9.96553616221002,16.7759409276711,8.1225954056601,13.0927504545519,7.18722049859206,16.2066628684124,11.0763646306353,0.763,0.987,0.738,0.967,0.771,0.998,0.77,0.978,0.75,0.882,40.4801616863868,38.7994399667854,39.0241025631517,37.9291690723925,41.3310054591037,40.4117702589874,33.1376223853569,37.8774902743839,42.926650936387,39.7886246364498
7.31798011371291,8.91549181878652,7.1146985815359,8.17006402893491,7.40568090419371,10.1485738921729,8.74071601421245,9.64780299618756,9.74187425794868,10.3535705416726,0.999,0.972,0.999,0.999,0.985,0.922,0.925,0.909,0.901,0.876,39.0100256285037,34.0104431821198,40.4158220301616,35.0156813628834,37.7827349951418,33.2965837759548,39.1453848770368,32.563102611795,34.7656133034567,32.3826863077645
9.49754479467221,9.94562452893117,9.38458573407534,10.2680343182257,8.54468764635921,9.88686951059184,10.792367709233,10.1069553020687,9.44128921637043,14.2251678458491,0.972,0.973,0.968,0.957,0.989,0.863,0.931,0.883,0.941,0.862,45.3122455075492,40.278354795932,41.4826150990803,37.3410216414651,39.8299603540703,37.2833138923692,43.2410362395044,34.2061263361802,38.3286210467149,41.7786307328444
18.8621593635049,7.99627260624328,18.1418958384664,8.24382534536283,19.42211688681,8.99679319186353,20.1543937974943,9.13662794425583,20.8112046607954,10.3820995078402,0.852,0.986,0.845,0.98,0.732,0.983,0.737,0.909,0.695,0.912,55.901604369226,40.8315798286965,52.8145982022412,38.2185225785055,50.3468199595893,40.1581057552438,47.8942632472138,34.0959062616078,47.0433599748974,39.234493542974
8.45401949421014,9.39662384413158,10.4092560940166,9.50622292535087,9.69460412127679,10.0215672256928,8.68255707229672,9.60180834980511,10.2629851282352,10.6623593362698,1,0.983,0.974,0.979,0.975,0.939,0.963,0.877,0.948,0.932,46.1376808344572,39.3973546268848,48.2809519472694,39.9343338384169,45.1435764415784,36.0915266462452,40.6384457172749,31.3550016594507,42.7951529703791,38.1550158201858
8.44586012253807,8.81866583776758,9.01446341619692,8.18194353918608,9.49473263507883,7.38126907924763,8.36614555860694,9.97440189864687,12.8006356659897,10.5826446476118,0.984,0.931,0.986,0.983,0.948,0.999,0.926,0.873,0.891,0.871,40.7891543683081,35.3288202165462,42.0013118260343,38.0052086341487,40.4164097762094,40.4218459650883,32.6308155902103,34.0635989959321,44.4766054769543,35.6660322573355
6.85751969142063,12.3335576349557,7.39361432173538,13.382994826703,9.29627403013975,12.7869446118777,8.51524633345564,13.643896639391,9.09949051336604,15.7504687377509,1,0.805,0.998,0.77,0.983,0.818,0.949,0.749,0.98,0.602,45.0061677537706,34.6994381046024,40.1627894110194,35.503583090128,43.9592107407172,35.5736418682207,33.2848912452439,36.0437832968688,41.2259970090979,30.270741424366
14.6289094619616,11.3999211154175,13.533753593167,11.8228661227066,10.1813996651362,10.2872814500975,9.428704424077,11.5595078835579,11.22514759915,13.9490081096228,0.89,0.871,0.912,0.828,0.979,0.89,0.976,0.793,0.925,0.76,46.0522197972572,40.4695804043751,44.9673976367668,39.3196902303777,42.3589905621635,36.4058674030149,39.2059152940749,32.7152553518676,39.322647296328,35.0292852458674
9.65466787524583,8.2236434972352,9.0191744432032,8.68103686416288,9.72571454303987,7.04692038218551,8.79964910351803,7.19324276833933,9.1581968412743,10.4869112031194,0.985,0.996,0.95,0.971,0.942,0.996,0.969,0.996,0.902,0.851,40.1141733584673,38.1855956663974,37.3749674104795,38.1237188526979,38.7405806255322,33.643072864997,39.1715353469524,32.5022229664537,32.9394411053362,35.6120465994083
11.1763418344755,10.804615626463,11.7943583040175,10.3605693987052,13.341327815388,10.0767319829924,12.8568816297975,8.68235961382144,12.4682629438674,12.3451933130264,0.968,0.945,0.98,0.903,0.811,0.918,0.853,0.956,0.824,0.781,43.1805514502705,39.48499939042,45.9795028108154,34.3045119677148,36.6771317939769,35.7853169147111,40.1764230093015,37.7623367394901,37.5192084257734,35.1955729063656
6.42368283100347,8.72057981329693,7.61004374710017,7.22504488676008,5.83327137701048,8.57584611095639,6.74605759385124,6.11483943971325,7.88807723824246,9.14272990930321,1,0.982,0.999,1,1,0.945,0.985,1,0.985,0.937,42.0874207585697,34.3191907028604,47.6389226884267,38.3286722693636,36.9288950002036,32.7530481125622,37.6170271619474,39.9066703044416,41.5770771742754,34.5667512030439
9.57414024468856,7.81707482542759,10.3656404677938,8.28805575166994,9.6854996486479,8.49127817771784,9.24699880250737,8.48087856329877,10.807524493887,8.22435080874399,0.962,1,0.935,0.985,0.94,0.965,0.901,0.92,0.896,0.928,39.6595573924921,40.8936392296338,41.5926507572377,41.5573537814322,37.1932230978139,35.9645361788059,36.0789183965435,33.8623941162191,37.2991546135923,34.0541538661047
9.39506619718544,16.0890653937859,8.44030074672722,16.5189568194334,9.47808290700888,16.8683552964913,8.33076430217658,14.0007588036091,13.4087449395264,17.846010189528,0.996,0.703,1,0.756,0.975,0.606,0.949,0.756,0.795,0.467,44.8880874377527,40.2475824294027,50.1478459428711,43.1461116365662,43.4220182357763,35.4007475115962,41.5077107163128,33.2923597727106,34.2379135876962,33.4738136819284
13.5080395083288,9.07589786118586,11.3456546044683,7.31326633808873,11.6411000852696,7.26232368163689,13.2735202233409,9.24206740045931,13.0325085194112,11.6017927265993,0.887,0.989,0.926,1,0.926,0.996,0.877,0.901,0.849,0.85,42.9456362645536,40.3609815371076,42.7770853384458,39.8124251780076,44.9552510289567,40.3099831798742,43.4064261992258,34.4072015953,39.6496431094381,35.1439738502001
9.42632381369535,8.363056592025,9.36910645744199,8.51653850248537,9.66638430572162,9.46771331070289,10.3198854100572,9.22701645193153,15.1764210089986,8.55245768328528,0.984,0.986,0.99,0.978,0.963,0.924,0.888,0.884,0.755,0.902,39.6906236223968,34.9237413045998,41.5461008373016,34.904470007073,38.9580417212782,32.4721940896438,37.0298791400397,31.7713861659018,40.4523743825027,32.9558136134913
11.6152210535029,10.5774392204672,11.1045200200346,11.1574585239208,10.0020162140854,10.0045375561598,12.6907077084297,7.82527509823042,12.3202593196436,8.5457399094914,0.959,0.917,0.982,0.962,0.935,0.905,0.757,0.941,0.819,0.952,45.526306751601,37.4894761619435,44.3327414061238,43.012024953066,39.1930182255428,38.262699973196,31.9251899023111,33.9662919036063,33.8748605888946,34.0438054789032
8.29532907464186,8.75663875037698,8.41679035296631,8.52653852669596,7.83637590215311,8.43100131902219,9.92404665173555,7.4464899870999,11.4864724719134,11.3740476409983,0.987,0.98,0.992,0.997,0.999,0.979,0.933,0.959,0.802,0.802,40.1220407874962,36.5862538469251,42.1176642545354,36.3015629320455,40.2905853206794,35.1764191723016,37.3862403749344,29.8408760934174,33.1016089154781,33.3159357675185
10.3071636111438,9.50683267244395,10.1909448253476,10.1582656996949,9.99993409684539,9.96700895321374,10.5569377145823,9.99631358810473,12.0680020967293,11.4333369252313,0.921,0.97,0.953,0.963,0.909,0.877,0.893,0.914,0.853,0.849,38.7822864875808,34.9255438838247,39.5664222380282,37.0284229430928,34.8415401697114,31.1668769902752,35.5766325793177,35.5623293571911,37.4306889281378,39.2232435907253
10.6116081816496,7.82236158418368,10.1286435049527,8.38427179293748,8.53977693620211,9.54372691136119,14.1171768347823,11.8131860524792,9.93628622432881,10.148227672374,0.977,0.998,0.977,0.992,0.993,0.984,0.789,0.929,0.953,0.943,47.4440518026157,45.786511968294,43.4725550716069,42.0706749488518,44.1817688090429,43.66919544687,35.5439582113945,41.6548109177897,44.5085915162422,44.9384154611431
15.3267330467256,8.80924850690763,15.6972004421781,8.55735483404727,15.3081200458669,8.91257804991396,15.6928493952253,7.9456702720638,10.7008069473454,10.3098330047321,0.856,0.98,0.725,0.991,0.707,0.923,0.712,0.977,0.953,0.889,45.2504297159966,36.9205546798551,36.4453003657313,35.4759080268523,35.8487199051443,33.4358969409042,37.2529432452571,33.5034369782134,42.6957978436707,34.9916618968791
11.0204376848456,7.36502913187505,9.84755498889773,7.7476483404026,14.4239599180997,8.19839387207135,9.4877373790324,12.1357663877662,12.8709784206282,10.1156258055068,0.964,1,0.962,0.994,0.885,0.993,0.927,0.789,0.858,0.926,44.0449859055682,37.8017650452799,40.6469428325925,38.1345912217102,43.8587308537091,35.3246324424285,34.8314034132653,30.7446785047837,43.1081831262307,42.0670902831432
8.35296494768853,12.7296266021895,8.22000634125405,11.1116983267916,7.49678870222873,11.8516425939455,8.43253283649588,10.2283745904941,7.47041084423457,11.6176429797841,1,0.811,0.995,0.874,0.982,0.781,0.932,0.745,0.972,0.779,41.69057589837,36.4954596535224,40.9285993734882,37.5568519874349,34.5152253120028,33.1778611458931,32.3306004236026,27.5565753623432,36.6209611756842,33.8639184055203
12.8826708780926,10.3215302924633,14.9378797684815,10.2416911455295,13.4296237415829,10.3659348025871,13.548472344216,7.91798137132723,12.121308698527,10.6924967082183,0.939,0.998,0.821,0.997,0.86,0.932,0.753,0.995,0.801,0.923,43.680730190493,41.5658212826594,41.6203435121411,41.3903867158206,40.9875224284957,37.9035917648199,38.924050588182,39.5668673204144,38.5978496561175,40.696292817455
8.15873053183487,9.94922243852549,8.40681763319536,9.62861172810584,9.42585881579569,10.6425783004461,7.09658049841181,12.8890456703439,6.72108516547608,10.952147668771,0.985,0.972,0.978,0.962,0.954,0.916,0.998,0.77,0.992,0.942,39.6369808143698,38.2495931380111,41.409825322325,34.7650274523409,35.5070729448971,35.1596045518396,38.8158343059977,33.4948767853676,45.3800211486244,43.6738971885159
11.6904719152772,7.84972754940332,11.8156431838265,7.34934893177046,15.9905017635321,6.80617866565754,11.0681874151324,8.22841427907887,15.9956857721517,8.82391760214476,0.954,0.996,0.95,0.999,0.783,0.993,0.844,0.976,0.755,0.93,47.8035944609946,42.1543844934216,46.8771754349776,41.8437069907745,43.2442174027791,40.2785404179556,39.1005312552861,40.6442581176297,41.737485880326,34.4567687716768
9.26901630551876,10.8486635565196,11.0933017292569,11.7420783934079,11.2630614498703,11.9360444850239,11.9211591378725,11.0510328418307,14.9642872819013,15.6345378087651,0.977,0.938,0.92,0.93,0.873,0.875,0.959,0.859,0.628,0.605,38.8901591962282,34.7229915951975,42.8251558012858,37.1294999673273,38.596188256998,33.6211654739986,45.9033316613179,33.0501398525219,31.3642268420856,30.6466396151234
7.63435268854621,10.4474866725822,8.01867783547316,9.67551619691245,9.79850374693864,9.36395280512368,8.34756356552209,9.6447061261315,9.60475666930104,10.8348019981382,0.999,0.944,0.991,0.964,0.946,0.954,0.948,0.927,0.896,0.846,40.3628532467442,38.6429132092606,36.0818055956164,35.3036100213253,35.9782509056298,34.491801930266,33.5946681608588,36.3258377889342,36.2098293951171,30.5384250165823
10.0685952201763,13.3044561094911,9.75718059429632,12.4176632512255,10.6466328472182,13.4315552805026,10.879474252437,11.8456734993919,14.4825983440594,14.9329573626196,0.961,0.825,0.968,0.925,0.921,0.825,0.87,0.784,0.715,0.755,40.195773027517,37.8018286144234,39.2275378316434,40.7490577559444,39.3811674332219,36.6700279614664,35.0413715570802,31.2470988632372,34.79162178216,37.9922043132908
9.64457741508939,10.3889441620306,9.59104387890782,9.09862868025405,10.859813138026,9.60874248472184,10.6917554600961,9.30627978532508,13.1285970296538,11.864737172484,0.983,0.96,0.977,0.942,0.97,0.979,0.854,0.94,0.888,0.886,44.6280353321601,43.9822391581202,42.0321575894326,36.7249543704117,42.3170774179604,39.6783829772539,38.5622758384889,38.4065423764029,41.9570163076341,39.6789972233284
6.36008877181425,14.8636085059003,8.49006500126349,15.7416423097522,7.43250680917771,14.7529203624441,10.2704878230394,17.3577907955864,8.02211903005912,15.9959130417053,1,0.768,1,0.688,0.99,0.694,0.944,0.556,0.991,0.766,48.7585663690055,38.5038528790077,47.8236897110986,37.5518037955612,45.9378174460531,34.7557937439908,38.0142028565566,32.9628384779506,46.5568427154897,40.9377803077551
8.44253553626444,8.66702689266865,9.66361372732013,9.75500208567212,9.134205041115,9.11264769522339,9.62528836009848,9.25732648848737,9.89010477134242,13.5346088513426,0.999,0.996,0.994,0.959,0.998,0.957,0.962,0.965,0.954,0.791,45.3133873798871,40.061727128204,42.9783905006205,41.0483623874894,45.3946091312117,37.7656725970158,35.0424849174663,40.9045556450491,42.6399230743834,39.2160834338616
9.95477703165623,8.48372930262398,10.4309825115468,8.1111713854575,12.1060622584149,9.25837476157997,11.5946672627897,13.3375030985198,12.0955919694776,6.64086751753002,0.969,0.974,0.976,0.957,0.961,0.934,0.923,0.777,0.924,0.995,43.9269147293986,38.7820434744723,47.9012876125082,35.8359297057605,45.9902326572389,38.3427937628246,39.5444075304612,36.7440894368282,48.7635682924063,39.7875972577086
8.55734129668364,8.69069558568607,10.5651298622793,8.7433783792762,9.09285925562885,9.2572639819938,11.7602145188537,8.15598611268889,11.5026719616308,8.30754477264706,1,0.996,0.956,0.98,0.984,0.929,0.917,0.916,0.936,0.952,48.6078431695237,42.3855315744709,44.0977379032034,39.4028483072586,39.8997780245313,36.9571750409566,41.0867152052528,32.5632168083419,48.7126566855536,33.5252042258652
9.05650430695014,7.65624029609999,10.4188641473079,7.0776588229413,9.64541295181365,6.95451917267505,10.3181970001147,9.31745072292184,12.3431719759993,8.52580730502141,0.977,0.998,0.968,0.998,0.98,0.991,0.951,0.916,0.789,0.953,42.8150995062949,38.9211826580763,43.0438282990314,35.5656996210592,40.9221292746864,32.2222743557666,42.2917431810606,31.0832551625945,35.0592273445102,33.7831558236621
9.16629873285473,10.4560438584473,8.80580022885706,10.3411926162396,9.15957963567094,9.60154744684478,9.92901939405284,11.177793326293,10.1701041616121,10.4688803395478,0.952,0.885,0.95,0.861,0.977,0.927,0.904,0.846,0.945,0.881,35.1998693371034,34.1804107712461,34.4095285771456,32.9020664541493,35.9381206816547,35.6885700333004,36.0659625746004,37.6080786503493,37.9428325454962,35.2918040859087
