"mvbcf_1k_pehe1","mvbcf_1k_pehe2","mvbcf_0.5k_pehe1","mvbcf_0.5k_pehe2","mvbcf_0.25k_pehe1","mvbcf_0.25k_pehe2","mvbcf_0.1k_pehe1","mvbcf_0.1k_pehe2","mvbcf_0.05k_pehe1","mvbcf_0.05k_pehe2","mvbcf_1k_rmse1","mvbcf_1k_rmse2","mvbcf_0.5k_rmse1","mvbcf_0.5k_rmse2","mvbcf_0.25k_rmse1","mvbcf_0.25k_rmse2","mvbcf_0.1k_rmse1","mvbcf_0.1k_rmse2","mvbcf_0.05k_rmse1","mvbcf_0.05k_rmse2","mvbcf_1k_mape1","mvbcf_1k_mape2","mvbcf_0.5k_mape1","mvbcf_0.5k_mape2","mvbcf_0.25k_mape1","mvbcf_0.25k_mape2","mvbcf_0.1k_mape1","mvbcf_0.1k_mape2","mvbcf_0.05k_mape1","mvbcf_0.05k_mape2","mvbcf_1k_tau_951","mvbcf_1k_tau_952","mvbcf_0.5k_tau_951","mvbcf_0.5k_tau_952","mvbcf_0.25k_tau_951","mvbcf_0.25k_tau_952","mvbcf_0.1k_tau_951","mvbcf_0.1k_tau_952","mvbcf_0.05k_tau_951","mvbcf_0.05k_tau_952","mvbcf_1k_tau_951w","mvbcf_1k_tau_952w","mvbcf_0.5k_tau_951w","mvbcf_0.5k_tau_952w","mvbcf_0.25k_tau_951w","mvbcf_0.25k_tau_952w","mvbcf_0.1k_tau_951w","mvbcf_0.1k_tau_952w","mvbcf_0.05k_tau_951w","mvbcf_0.05k_tau_952w"
0.731640989338032,0.893932273035707,0.742618037171004,1.16279869172091,0.829685648967854,1.28378676907691,0.940596152081683,1.47774837260706,0.89986764391244,1.40292398700369,1.8786485063928,5.06595953207532,1.74646904717895,4.89097054723579,1.89059299285134,5.0637309202537,1.84584586048007,5.0099985506109,1.90674886294205,4.94885585593515,3.23839248671641,0.947600006347907,3.47781418169458,1.09783263935467,3.43537858736287,1.22259247402256,3.53909304342643,1.25583289227185,3.48129294610656,1.40991221102188,0.852,0.872,0.84,0.733,0.779,0.707,0.647,0.491,0.787,0.599,1.58429913509238,1.60651217733204,1.52510869582496,1.66577610188126,1.60937676207788,1.90687742083458,1.38111323595944,1.60207738002107,1.60297889775252,1.74740222322301
0.621737074554938,0.976879583322731,0.561972043532721,0.814674610160688,0.576004472509032,0.840032760622591,0.704661927401225,1.10681687320356,1.10950694048861,1.58854734922696,1.91619554739151,5.06195734999039,1.88227328200567,5.07054164369453,1.86393199813117,5.04531838083717,1.94726136537253,5.09023078348235,1.81692757398254,4.88342600164794,3.45096928415533,1.67443778046195,3.37064108827287,1.66355662718033,3.53604123157332,1.3570404611516,3.6853047960487,1.48312179210696,3.96992874548393,1.54299570818949,0.865,0.768,0.859,0.784,0.803,0.651,0.71,0.543,0.505,0.305,1.51776670504011,1.84637814944777,1.39400903035389,1.71594288674336,1.27596918845369,1.45600430360314,1.18832428883662,1.61343187010093,1.52738321654302,1.63038927242683
0.63298008421006,0.870946406623072,0.637046099672181,0.997754240383748,0.68543539573124,1.23495411671795,0.716450547550855,1.17577619274998,0.947926576604265,1.56257138734312,1.91774784022348,5.12013879441878,1.88283374187656,5.20625924642641,1.90108585275142,5.14933542309009,1.87344964477403,5.1144420023781,2.01593448773297,5.11566366441848,3.36383001236977,1.65575434021943,3.42402939858699,1.48154224924883,3.55720627354333,1.49311023247766,3.42569533995859,1.62316392351241,3.62156325228847,1.71743730827372,0.809,0.723,0.824,0.652,0.802,0.492,0.753,0.637,0.617,0.481,1.45800260412579,1.62661386806251,1.29044733758354,1.40460699594343,1.41568568122678,1.48378457727879,1.26858562169696,1.31132040715005,1.77097330162785,1.74103901753537
0.474837283134395,0.702015754704083,0.590640214770692,0.718052184730548,0.756105615337772,1.14052538520685,0.798563238788148,1.17795442671532,0.883117526954633,1.42668674841846,1.80720129140953,4.92606522831171,1.86383571936517,4.94502678654927,1.81339315851791,4.94944302411034,1.88207930877636,4.91106325215918,1.93096161513151,4.93729968810016,4.90391082287771,1.26276421950462,5.10810716412551,1.17077713561052,4.5163755665612,1.29416384966479,4.67707811383523,1.38516701616186,5.00073381469744,1.53933940093605,0.924,0.756,0.728,0.82,0.708,0.655,0.673,0.637,0.659,0.58,1.29952840919173,1.4879413309179,1.32514196377636,1.70560724445374,1.50606840228943,1.87170488249914,1.41173899492082,1.8617514530208,1.53317109040287,1.91170857338615
0.544297122072428,0.848210811019583,0.553738501404924,0.913228527814851,0.644458448091286,0.920994955562753,0.698692645273088,1.12554225174144,0.837082009422187,1.44119123847518,1.79362943997666,5.05949563409625,1.79011320797564,4.99311854513732,1.84177282765906,5.06816894117272,1.8505846682249,5.10280550174019,1.97429726477974,5.09837948461941,11.2270063511727,1.14950537177968,10.2030550320687,1.30113509118405,10.0937546453481,1.1543413809184,10.7572682801322,1.34088862426616,11.2869962019103,1.34235521881734,0.892,0.832,0.878,0.76,0.882,0.852,0.729,0.704,0.585,0.638,1.28002201264294,1.34791758856886,1.28483743225017,1.50796529176603,1.52662761780722,1.74946045134586,1.29296322482387,1.403578300749,1.36824571804025,1.62853313286934
0.4886436793516,0.729230667213678,0.7738165168114,0.926117920315813,0.730731475196512,1.01434826257015,0.707087654855822,1.01300676076419,0.83147260756832,1.30960730392709,1.87701308195713,4.99272006754336,1.9941228103602,5.14146200739887,2.0283341367817,5.19619157765159,2.09831012161948,5.21394799342525,2.02876772677462,5.12461964178576,4.1107232296284,1.94078530504388,3.99662177641512,1.97976790329697,3.73230966370537,1.72248226714819,3.94644644558375,1.97546179237895,4.4376212328245,1.84227383305547,0.927,0.71,0.69,0.698,0.73,0.59,0.801,0.687,0.723,0.573,1.59232987261022,1.62282338099554,1.38047579827212,1.57164759378374,1.46270610505105,1.60733899778042,1.58655875380228,1.80588784167483,1.74261849282638,2.11146216913541
0.552287177846382,0.733660388569482,0.580575358744874,0.932412912241363,0.59455247864412,0.860005576608438,0.635633134047621,1.04318846700522,1.00609728367137,1.39952581113131,1.84684156989685,5.21029510222175,1.77552146021804,5.17101525938489,1.83519541073803,5.22918873829919,2.01503178825853,5.28884562727827,2.03361810705792,5.26697306685702,3.28048006595363,0.84903879780256,3.35876264572379,0.883529478036134,3.2125086570415,0.824652513477235,3.37713318278527,0.958894002995611,3.20463675674143,0.988443622230399,0.864,0.847,0.899,0.825,0.791,0.784,0.906,0.775,0.573,0.526,1.5802571326228,1.67347956055674,1.49406916696695,1.53103082090886,1.32245585492384,1.50250019345339,1.53435809437468,1.98402211965529,1.65832773237269,1.94397433752805
0.545632675036408,0.849417444408326,0.536149971528614,0.851399800154911,0.664727309395229,0.990946954605972,0.752320388624865,1.35688445062582,0.777925192454217,1.30235435689217,1.81711530757063,4.9857831548276,1.80665738023545,5.00346320294345,1.85141433387359,5.02349444746274,1.89095816146142,4.99536794521238,1.9043032351611,4.83638787362387,5.36654783826581,1.31641878827723,5.38151333309852,1.25209354246021,5.19672168057368,1.27938534083864,5.24999465018752,1.27290755963033,5.90840064211066,1.53405171833357,0.866,0.864,0.905,0.775,0.829,0.704,0.668,0.409,0.691,0.611,1.34489022210267,1.67870930876041,1.44112204533394,1.56913295787555,1.20063835772907,1.46935808063971,1.3223627485759,1.59572570787923,1.57714520595476,1.8017903212538
0.488001099051358,0.810885551630876,0.512099198211697,0.889555328905234,0.527387609781895,0.997578204041879,1.10918582063814,1.88860414252561,0.841921609602607,1.37105876947735,1.78699952072602,5.08909301959588,1.77136960850931,5.10310342268046,1.71149523625505,4.92859061320761,1.94133313436432,5.21896753732281,1.99492330162621,5.28893051047032,2.27004842224117,1.31706232109663,2.29421615304322,1.31858865494109,2.34262144650322,1.16666467304533,2.26651304209102,1.51288494233816,2.17188197002654,1.36231489019361,0.84,0.735,0.814,0.702,0.835,0.699,0.369,0.318,0.598,0.516,1.00661000115356,1.13725084820697,1.29594483529873,1.54426329308795,1.17604848060609,1.37361452488779,1.13319600335959,1.49268895494989,1.42940104655389,1.70217970732985
0.677388044904901,0.856966692736507,0.896057497794987,1.00785438790994,0.723323085021421,1.12747473515357,0.658993051735916,1.11785028153777,1.04218769586765,1.4218355540489,1.85490211372904,5.02131282752529,1.85659487580246,5.06195124296083,1.84236930214566,5.02009740089221,1.8527502798289,4.9551128482492,1.90039456562423,4.9360208197347,4.07705527378713,2.88133420852063,4.65127166607073,2.4993249697963,4.21787675733273,2.28847551652534,4.69003918472791,2.08625596987454,4.36339509021254,1.75202754097441,0.844,0.794,0.568,0.726,0.783,0.661,0.813,0.666,0.543,0.621,1.85041585185529,1.91922924366536,1.42740082658161,1.6504442536137,1.52054417747316,1.73050150503328,1.42494532514451,1.61181816109386,1.55005186932632,2.04323595672092
0.436819227311867,0.741872113323965,0.423447096367564,0.712637826661262,0.553369814767794,0.759555103278614,0.74323111718058,1.34147647441393,0.912532355509972,1.43548185989863,1.77980999348223,4.95217676760024,1.83846399530348,4.97173520773025,1.89452861341749,4.95163797049958,1.81946392548356,4.9024487863149,1.91980187883714,4.64276252532879,4.66460473675248,1.12192434198949,4.73327973068083,1.07869987845191,4.83647844029453,1.00907056319341,5.62250861502756,1.22410464164648,5.36851543968719,1.45265638398333,0.946,0.781,0.962,0.865,0.872,0.824,0.719,0.536,0.744,0.667,1.31324888416211,1.48828558654782,1.36739324818558,1.48833158838101,1.38489559534036,1.45329739564797,1.51517223302547,1.8176949661735,1.89345144327382,2.13386220856663
0.504623796091365,0.858565759753067,0.568235827699734,0.963329886951216,0.649263005401528,1.10326540330357,0.591792085771232,1.03071211093843,1.02405526667584,1.63619572195438,1.85341464140057,5.10467731251673,1.82140249287416,5.01194985858721,1.77222283128796,5.03526773585278,1.85484395450734,5.08057819298215,1.8890480924934,5.00075474315946,2.81822386694217,2.70413739297418,2.74474056287647,2.63141530180397,3.0133521957063,2.42608663399208,2.76315706441815,2.73494406598906,2.78148684865061,2.42139689132477,0.899,0.803,0.857,0.775,0.834,0.677,0.904,0.728,0.586,0.476,1.52260571994588,1.74351750506331,1.46887162271385,1.51788270085791,1.22565919048847,1.52464334197733,1.5774693657078,1.62116451959677,1.49479039725279,1.82979693419373
0.476879194749126,0.832907576808466,0.445913524709329,0.769780782896679,0.769529591284917,1.14159363315017,1.01999423157031,1.68105501156399,1.10938463669392,1.55907731639243,1.78871435582167,5.02612337473591,1.84642427504073,5.04080589045118,1.86410644753245,5.0632394628367,1.96803136501268,5.26924887545325,2.01287595982637,5.19048527635654,3.50355546174847,1.47162856261142,3.55713356147193,1.52183089554568,3.54015854877899,1.74070763326517,3.51738420327986,1.89323153740073,3.67976097565042,1.66090806396631,0.957,0.844,0.948,0.834,0.788,0.73,0.662,0.654,0.589,0.633,1.48494600940362,1.58560628205976,1.38869232929935,1.48215229029074,1.34108891794943,1.58024886906313,1.3253003179847,1.59659143332332,1.46717080559338,1.58841394860219
0.674713557961797,0.900807561780168,0.529516194195703,0.863227658477773,0.607194576759603,0.910455236427314,0.781165253285704,1.18249465136894,0.906623025348865,1.60972367494867,1.92853006042587,5.11146206246911,1.90384883327404,5.13952104993446,1.92556971051893,5.12278060123299,1.9680840507806,5.16531266845035,2.04090653578209,5.14278005569717,2.94416823221734,52.6430244117088,2.94477333156061,35.9260278054975,2.91632548866322,37.8165467447646,2.97212794880055,36.7326632570078,2.65044723261642,18.1511753141696,0.329,0.722,0.714,0.755,0.725,0.802,0.632,0.665,0.615,0.46,1.13783187327637,1.16134529917149,1.25576837924033,1.47423144289482,1.27691657123696,1.59932593597429,1.46013960624322,1.76292870565474,1.42002212487812,1.78462172404346
0.733069099154121,0.818129712972822,0.637634491331886,1.02188624504026,0.779378591189601,1.16773443340472,0.760949366273965,1.02567887142754,0.986939203852306,1.30183473363037,1.91017077581193,5.06211950857235,1.85359864756974,4.93331791881611,1.88689422340221,4.99215163325187,2.04202107434896,5.10685845130292,2.09746703953827,5.01706595867268,4.16691259934297,1.12266935460071,4.36426690240987,1.35094190085192,3.62675888127112,1.47389030856354,4.49839881607204,1.49622489156492,3.03946776479279,1.65892332478193,0.775,0.801,0.831,0.796,0.82,0.627,0.684,0.654,0.592,0.61,1.51583576124047,1.47784029369999,1.53052133770383,1.67126714600783,1.4435622395736,1.45834462960002,1.56021744009718,1.55220183588304,1.54052303354322,1.95950575369849
0.437912691631275,0.759225096881584,0.447799346603595,0.792193193515316,0.649029119863449,0.895056579738845,0.793457127754947,1.0803722779087,0.961995620366311,1.2594294678099,1.74422232136493,4.82752718899981,1.78098283133178,4.76903485321134,1.78802306416486,4.84287821452989,1.74601498920269,4.63017833175631,1.94941655320711,4.92781353189441,3.27356245987965,0.966126649807959,3.2485308417892,1.00312469503039,3.18019690773579,1.05755162621737,3.00845442903271,0.947361597635862,3.31349732812971,1.06958803721675,0.964,0.851,0.939,0.763,0.837,0.801,0.692,0.707,0.653,0.639,1.48479978367947,1.5932720205312,1.34316213805141,1.23425523451837,1.43481932085602,1.65458203605469,1.09532508378754,1.35655173656536,1.73438339734788,1.95490996855108
0.526939872648996,0.879035963373088,0.571189819133562,0.883355728723049,0.686714830085488,1.02223969374012,0.672596191979276,1.02802074950086,0.9518273925611,1.52317685259696,1.76169827566948,5.08571911278308,1.85901980243839,5.14028416894868,1.88304209431122,5.21894063609958,1.8778089383018,5.15043718767178,1.99654151997553,5.24594455018388,4.80315943937683,1.12039394673531,5.03984391970477,1.01387307909682,4.45440425203688,1.1768782905302,4.68637470141449,1.2037170205885,5.71116401621189,1.53958804815893,0.864,0.789,0.836,0.813,0.789,0.678,0.684,0.733,0.688,0.485,1.12745593992836,1.27113086719469,1.41035977895159,1.58969315354977,1.29754460421588,1.32918658190041,1.38768835059431,1.69419413420291,1.7877987703537,2.15499140082005
0.649136331962324,0.760259093348992,0.589332128437381,0.861219353944064,0.618442909385167,0.773010440891629,0.714808344115277,1.13371135615426,1.23913136502433,1.32531136849677,1.71218561244995,4.98071434660776,1.78481065342757,4.98001759226704,1.75111661692768,4.9509203898127,1.82479296769255,5.04796180846515,1.96621498423901,5.15890589375509,2.71585320569753,2.71998857868242,2.77078490740254,2.56003423065396,2.77286743583215,2.60264613575521,2.99207854443286,2.55871753054724,2.47666298583983,3.19820018812646,0.866,0.861,0.839,0.832,0.77,0.784,0.811,0.618,0.65,0.579,1.48419805033691,1.5667749556744,1.44606716381854,1.79522804853462,1.54480790228035,1.75287128897489,1.47790353378641,1.57498643282453,1.73220320092065,1.90622789911912
0.705233124015265,1.05265011246662,0.621678324844979,1.00679689045889,0.630819156937969,0.984398793341729,0.970933098554898,1.73421043224679,0.926845043850582,1.26354620238539,1.8652652467507,5.13552423025724,1.82633222168572,5.08491302699198,1.8454862053151,5.11786612784354,1.99116119731119,5.02591280889504,2.03622769756128,5.130722946371,3.18247706480224,1.09355008882797,4.71764160997397,1.12094427649107,3.79638743223852,1.20191047250926,3.72547844754741,1.38976585224761,4.10161996960869,1.66485608645206,0.844,0.736,0.89,0.757,0.883,0.837,0.689,0.406,0.679,0.686,1.46564612769271,1.61787882316591,1.46143432760172,1.62677036806574,1.44870371139171,1.59927539245189,1.28320679283925,1.45569463422167,1.82392874332997,2.01344057498655
0.793721405756708,0.969140211650434,1.13233709291003,1.69566487603862,0.824582857614846,1.21703238443339,1.19215921656553,1.72768292588735,1.02076882475532,1.31059573247481,1.86585340566019,5.05596136181089,2.01236982070159,5.28601583871445,1.94099883494285,5.08061039261505,1.99456584994072,5.15975579172966,2.12024147672007,5.30127251334151,3.95328867094118,2.02724258507611,4.00078814510206,1.86930106355538,4.11693757635901,1.97288431863464,4.01683181830034,1.82852235558292,3.83466254682765,2.23961635857331,0.614,0.752,0.495,0.479,0.662,0.578,0.443,0.384,0.645,0.65,1.39195042240012,1.4843299021107,1.42140598150865,1.49489392173849,1.40756926984118,1.58926245661536,1.27290673943426,1.56463498060503,1.77593888233756,2.13475576901484
0.626135872490512,1.10005200540408,0.663023024241923,1.27423174781704,0.741734237291723,1.16970678395835,0.835200788527542,1.31429567833067,1.15145747556426,1.85853574354464,1.83072951091314,5.14357165296773,1.8333389041998,5.12038217538288,1.83807268825291,5.13889102202908,1.79975123670212,5.02674982929694,1.868794859046,5.00130116464706,4.66834242718116,1.85272291592543,4.9146000143607,1.93825564945523,5.04810657207826,1.93712603324867,5.03308086834309,2.10970303290115,5.07682454515363,2.30853979479088,0.903,0.733,0.83,0.738,0.836,0.669,0.837,0.626,0.645,0.383,1.56696481735967,1.6256518573425,1.46361536194924,1.62991551783037,1.51378906188012,1.59841679086378,1.79168751367137,1.67749328736008,1.33598467105646,1.62219753820912
0.390806403038993,0.653686520970411,0.519100338478008,0.759167939828627,0.621962082280751,0.907049257563028,0.864294821091898,1.31043659357624,1.03524627570588,1.56080298441128,1.95350776596087,5.18224665482526,1.93106741202981,5.1078477153761,1.97429241357013,5.15690716151955,1.96979478603366,5.20035814458524,2.00294766494581,5.17546689868378,4.67385249874304,0.963112595984083,4.82274423267358,0.94731340357143,4.67233116223767,0.919535159917675,4.74331677953709,0.965150452243111,4.95525345784319,1.04376642365082,0.962,0.866,0.877,0.85,0.839,0.732,0.668,0.5,0.596,0.588,1.51578932444594,1.57145092442705,1.48200062997134,1.9770315878306,1.75874738316532,1.64948078081966,1.4338587552417,1.78670285722388,1.5248001268016,1.62396220276165
0.48210897476638,0.838831913634228,0.548311821914912,0.792088782441009,0.518141193523383,0.888417418769108,0.739491435922753,1.32198409764624,0.767058141344855,1.20787916302347,1.87332839124918,4.98153025620704,1.91859670213694,5.01795875256237,1.90092960404966,5.09314770663497,1.91971574846538,4.99197792313059,1.87380396320643,4.8894306100684,4.57078648651404,2.03177956488096,4.24172679056474,1.52859351560926,4.54139634334257,2.96885721854568,5.05167867843102,2.07124471592066,4.77164208297145,1.88312732676859,0.934,0.797,0.834,0.791,0.911,0.821,0.815,0.582,0.702,0.633,1.37494856676486,1.47691884331804,1.35065831174448,1.44308695418531,1.46575627802122,1.86837753712482,1.80002416921831,1.81755242141789,1.62906926634398,1.76141166237458
0.645443081032384,0.800527612945502,0.558280221111524,0.694690806360756,0.682444560919654,0.921829989800286,0.758945038074521,1.2039141016168,0.804625810888203,1.42156293327228,1.7136185524546,4.74168195947909,1.71451141978629,4.67301410397201,1.71624352281669,4.73423754880913,1.82400317857696,4.75105855059899,1.92158194795336,4.77838150449632,3.51890147426825,1.38045994583004,3.64281733437626,1.41251252056871,3.38865611533471,1.55747812460463,3.35155653363914,1.57930802759312,3.41059514432577,1.69654393865135,0.766,0.693,0.861,0.837,0.786,0.698,0.638,0.293,0.723,0.516,1.2489116363417,1.32840287722814,1.54434337974838,1.49415321723948,1.51797377443345,1.6790805437361,1.4455108998237,1.33794417480204,1.72374459309294,1.90607399588224
0.521609150286424,0.703982821108335,0.700292888486044,0.880224354253421,0.836389590637307,1.03786580288694,0.936515657349726,1.07924988603737,0.774536868870308,1.04253753174581,1.92616180749502,5.14126783464799,2.01609110750183,5.27832228750552,2.10024073275957,5.38971807501399,2.07034260858204,5.37128731568427,2.14579648836775,5.31136004258616,6.93677574374397,1.53054770633657,6.72145192837718,1.4545634038641,6.38526791760953,1.42421606855854,6.41535329244903,1.45520515215745,7.41911962125722,1.7448112521747,0.851,0.855,0.49,0.802,0.594,0.692,0.446,0.638,0.692,0.643,1.43539467821215,1.66640472184562,1.38476455019095,1.64988292978155,1.49092344677532,1.62765435575213,1.52666617240592,1.58142593539049,1.46525540977491,1.81310680408445
0.526849782944022,0.879171744014033,0.612922474979778,0.768038941275144,0.66898013661473,0.990869201651583,0.658817220242811,0.906104679355783,0.751690256699257,1.13040646067398,1.88447490219521,4.99890936958434,1.93431462657644,5.07744987185158,1.95677691807537,5.06589533141891,1.96144184944882,5.10349557544825,1.99251597902977,4.9837509084218,74.4159303426145,1.36032987626583,71.086735995235,1.38638378114381,78.8591183695454,1.24920051739137,50.6227372760778,1.24374202930895,54.6862006469408,1.17668226023134,0.889,0.689,0.752,0.815,0.7,0.588,0.66,0.736,0.659,0.587,1.46378950903766,1.632530125476,1.46609331555761,1.60945656911505,1.36664134608662,1.53252114122541,1.37184914232916,1.70601617349524,1.40341192365563,1.67359892590044
0.644093784536532,0.918939391390688,0.694513080847629,1.07188150135222,0.839215035386186,1.09595498480749,0.926571013820031,1.4882617461832,1.09890260759042,1.53207476929068,1.70100365950197,5.08069400344864,1.70116820622574,5.05025581253346,1.82919731102044,5.15253768288725,1.89931833704285,5.24568973432903,1.9650689087691,5.17489886956448,4.50823844790506,1.70243841363041,4.30189087066713,2.11667457061181,4.47540450479954,1.95535120193127,4.02564792134204,1.90475925499661,4.65172304465179,1.94410820863467,0.796,0.807,0.816,0.804,0.749,0.678,0.673,0.59,0.616,0.602,1.49051420267188,1.35651055572341,1.47681869155965,1.56067375549181,1.65069684448794,1.71172553561655,1.65131012747854,1.9826908636338,1.91725773785043,2.21388065257382
0.604323231505075,0.974529507314797,0.67558528401433,1.0370998792625,0.854337130486043,1.36070742200816,0.959004071055168,1.68236956751015,0.969432058356482,1.65773794713227,1.81479518319969,5.02930466175173,1.86971247947599,5.05485247423828,1.94915789673848,5.1740731958024,1.9121499658001,5.09945790081452,1.9164677617336,4.88721525931335,4.1020364541956,1.43845944445794,3.71092418722634,1.19696341339889,4.35596174197314,1.35120405688773,3.32972977911495,1.47193015886406,4.96984795130857,1.33130882126914,0.789,0.739,0.842,0.757,0.747,0.616,0.583,0.353,0.666,0.553,1.41507576781969,1.6301232583279,1.48289291667006,1.61864828569903,1.54682463109116,1.82795037805813,1.32325288642648,1.52605599288641,1.68062106209878,2.16379471900394
0.516753488473832,0.770293924582271,0.483693252992036,0.760194783715056,0.64644601714162,0.934184236663208,0.722047114271926,0.94263691098113,0.888133021105538,1.18877825495828,1.68815471039054,4.74854251914008,1.78271608537246,4.88818909331085,1.69578677915639,4.73361176826775,1.80803722280968,4.80594488923563,1.76237167014169,4.81902651034674,4.30288347824376,0.979900184495776,4.21920855794338,0.954275675896776,4.39822793359594,1.10168868137649,4.32780076777287,1.06842158064272,4.19126844315054,1.16966622369197,0.897,0.832,0.892,0.85,0.743,0.766,0.693,0.77,0.686,0.705,1.31091435940147,1.42964894489713,1.38245378877288,1.58809832399887,1.24929798718418,1.32923141206451,1.37011851946345,1.66537239805681,1.7790030833902,1.86602999950919
0.514646725861512,0.839022770620561,0.676607352572839,1.08479080750391,0.713069424395705,1.07387542491123,0.756930855354343,1.14780870884165,0.954613068548,1.3382234776641,1.69321710092623,4.76060549070579,1.78224845133682,4.78941540560979,1.67261747918107,4.65682039892527,1.76798836280534,4.82952485711735,1.7868639327759,4.73969045445908,5.09943426952724,0.999138864941966,5.11725307751165,1.08871345690076,4.94513929518338,1.04539103495642,5.14017026652143,1.18066850313821,4.82685693020504,1.19682612702751,0.914,0.735,0.747,0.644,0.804,0.67,0.784,0.535,0.696,0.614,1.29841196808828,1.38089462143125,1.30109349722886,1.71748857907004,1.20273414300094,1.4595812451327,1.27736931628531,1.56236378339417,1.44670094635973,1.55146657347429
0.552043729840782,0.822561196774281,0.55122379885721,0.86834520716108,0.554576969086848,0.906857554791931,0.696547970676185,1.13287326694064,0.567264282084084,0.846391860124071,1.75156705114667,4.78776905162228,1.75603997331169,4.78257993376541,1.83235385104994,4.82770319847358,1.83874694459568,4.79948802823367,1.83889067168629,4.71042518378967,2.46768876413194,2.27872837057402,2.39508691381614,2.1885724877908,2.44270212112681,2.27320769573874,2.75296599484703,2.54474244793021,2.48872199748682,2.68359661459986,0.894,0.837,0.861,0.795,0.727,0.655,0.688,0.461,0.781,0.753,1.46201421538399,1.65217854381251,1.34907373794386,1.51268761830072,0.975531667558362,1.16107388469991,1.25770225051611,1.62158016149475,1.24591945538342,1.50279930957915
0.539360136778438,0.953789833848155,0.558364975290608,0.750910391836214,0.726147666069472,1.16983008252639,0.722762383697038,1.19831700245114,0.850483434294398,1.48923110065441,1.79937752983081,4.9552280938866,1.78159955921643,4.86142307270378,1.88860878248517,5.08327280786189,1.93509745656037,5.07863817304254,1.97662041299658,4.90432201787399,2.65549303286247,3.59189340929768,2.9202411912206,3.2170442364306,2.95146266067752,2.71141369097135,2.62349587498128,3.72775953648687,2.9039139381119,2.61053797340881,0.883,0.69,0.823,0.768,0.777,0.5,0.793,0.603,0.614,0.468,1.63542840640622,1.79614510286816,1.51654315717866,1.74919934674782,1.46533414415336,1.43259773989513,1.61778092831829,2.05184457522514,1.49150198159348,1.92111961886453
0.367081782435218,0.730844209808659,0.446392861474885,0.700707110799665,0.607810010163882,1.06038125996456,0.631214151634093,1.02791451717938,0.90441206992269,1.31562277737603,1.74625094731138,4.8450413734491,1.79205231063929,4.93922638375038,1.77693357186478,4.94236223667586,1.74281197449742,4.80257518410712,1.91807935702373,4.99906753512715,9.98468293556343,1.1129800369638,9.60417832682198,1.05838285763576,9.85417426069169,1.1855677281154,10.3407570276897,1.18262958117846,9.62889698556073,1.21311137955493,0.959,0.892,0.92,0.852,0.816,0.54,0.776,0.652,0.698,0.622,1.37253683398796,1.60203273305396,1.30988654106515,1.47015038089051,1.37530518510097,1.58237496371662,1.35650990325281,1.73569104679082,1.56879662149539,2.00069096631516
0.626572827398831,0.780822179701797,0.598057357839646,0.76157413657308,0.53356776399502,0.781152355765146,0.70146045705531,1.05123128960287,1.02493425321555,1.62789265238846,1.85160534429007,4.94921027064971,1.76506208026984,4.87499825190136,1.74524686563293,4.86125743641352,1.80210975411058,4.87180181321517,1.80936547259549,4.77664017389585,3.23697545943598,1.21783912095381,3.31114474780751,1.18040857992386,3.45926647861141,1.34078954340337,3.20376398328952,1.23026541830186,3.08490203094877,1.13216589907039,0.813,0.829,0.802,0.679,0.796,0.522,0.596,0.502,0.632,0.548,1.40830692330348,1.64171018758211,1.10920589101096,1.38023231663334,1.11130111224752,1.30472268934495,1.29953332359026,1.4613201484083,1.72119520413195,2.10641788691038
0.491854026063031,0.696480419948847,0.611492704904416,1.11138337458034,0.670653961742435,0.912434496223411,0.985530206179634,1.56958085689926,1.18006378304502,1.51729891585237,1.79647397872446,4.99525407314941,1.85870109546746,5.03412219567334,1.84948204173704,5.00631950155025,1.90212750234491,5.07626309268362,2.09682746635944,5.22656882265185,5.02529156268673,0.81231767508214,5.08944735115861,0.850512203233894,5.00005806210328,0.935961555640943,4.77762827820078,0.905498139657719,5.05720233611185,0.985930187901033,0.86,0.821,0.835,0.715,0.854,0.773,0.649,0.631,0.59,0.516,1.24768665198724,1.51195023212978,1.41165136731538,1.72040234984766,1.36930489987745,1.50158867416649,1.30246850927866,1.75934383085071,1.54298468648122,1.67535349122984
0.47633795815895,0.620547163686054,0.607675139480919,0.912898064740701,0.572852633632237,0.913018658769525,0.900177025233407,1.46704257745911,0.859486910624136,1.32807511949925,1.74703240785837,5.06287587378267,1.73684378531087,5.06412154160602,1.7706509229152,4.98427988442249,1.84860876109549,5.18029074391173,1.87895519007292,4.95580463830887,3.61518722620294,1.58936909666694,3.62367761465976,1.55645490781437,3.69454878906138,1.74170745519611,3.51411484447289,1.77132892721933,3.88039046043034,1.87974889907574,0.894,0.874,0.853,0.754,0.723,0.629,0.53,0.41,0.667,0.522,1.34600506904298,1.52186378042173,1.34353351814026,1.57346355911214,1.38334107471663,1.60786816376416,1.49462627561645,1.67327874952655,1.63189135873564,1.68840696600432
0.694504874877038,1.08150728703177,0.721259400863077,1.09598877024544,0.784287451546641,1.23893956933028,0.850784567712539,1.29984072078485,0.98692587332801,1.30475775010376,1.78096902992547,5.2031739109754,1.7628446721209,5.20507510237669,1.72538660700897,5.11986922628889,1.85935438890286,5.29436606777467,1.84795782052136,5.05230515068042,3.42121237168673,2.32689044311425,3.37946621729911,2.08489083219629,3.13581432649482,2.1649066166436,3.27236576039623,2.03156568176487,3.38127849823259,2.06410849014555,0.803,0.789,0.858,0.821,0.782,0.755,0.744,0.736,0.586,0.665,1.45663918328582,1.84393148985404,1.6016886557169,1.77045896070703,1.32700434303677,1.71537132069082,1.65224709695136,1.90692227949999,1.51342222997428,1.80839534907878
0.615211840723393,0.608245972579769,0.641530638915066,0.853569544634491,0.816603131588213,0.91767213061676,0.886656679289453,1.30777735312842,0.89741074066835,1.16292044605612,2.03141047867355,5.33880297260985,2.076498072548,5.35785168762685,2.21380692529262,5.49091546111033,2.12459976833712,5.40933002356121,2.30985566268692,5.57165506905627,5.26385639338134,1.25697135829998,5.11012051278917,1.51426186287376,5.39061634161042,1.63292214769886,5.48089441910819,1.40197673742918,5.16898115907086,1.5493319606676,0.75,0.89,0.769,0.726,0.575,0.748,0.714,0.808,0.661,0.682,1.54844813605417,1.57542511376087,1.3632200150672,1.35640938350574,1.4096951689703,1.51304917509749,1.57737604169096,2.10477647262481,1.68625760423427,2.14602004316724
0.427047641612827,0.557556724127815,0.46554846857791,0.800326914550394,0.567790080888785,0.83199231676943,0.537400554359317,0.823380838588365,0.877334610249999,1.27698719730796,1.83841380856359,5.0907048234264,1.79466870469476,5.05355121195181,1.82109362750184,5.0919907460729,1.7992549285796,5.04175391306991,1.91447913960621,5.0138202534259,4.36474335275154,1.05846592192893,4.08636976074729,0.983345878454015,4.42316546372418,1.02929073543917,4.14738807208843,1.06744322732265,4.15315376062939,1.17692801926007,0.946,0.894,0.915,0.75,0.878,0.798,0.863,0.772,0.742,0.679,1.34251111227035,1.42980568128272,1.27283541655581,1.43107823306926,1.38392381500567,1.4771890507718,1.30660613328798,1.37669788331559,1.95530588515491,2.18987264066592
0.529214237436764,0.825217349011003,0.577650655790938,0.784433541931483,0.76800581054524,1.02950418217836,0.712227695177104,1.06151540277376,0.711287217973241,0.959250001909322,1.79509120673842,4.85552221188249,1.74828617166475,4.77154556732928,1.76853875411224,4.76630591081021,1.80310144582439,4.74785251989795,1.85933728860283,4.85927284645861,2.48901981565126,1.63784958193459,2.43747561049382,1.53855321960901,2.38543987074807,1.60515226221931,2.39547451092549,1.54424607670179,2.40690701916379,1.69014917300141,0.7,0.552,0.759,0.681,0.738,0.517,0.683,0.524,0.772,0.71,1.39805954142174,1.49185235592296,1.32528904273228,1.40049652119609,1.67887236761198,1.49349965494899,1.35883192293438,1.54356355831956,1.61019881978012,1.95436103960999
0.623281635903352,0.95146232793567,0.736485556533974,1.14354933511596,0.676406053901006,0.910691292437306,0.861377455958433,1.26644084665695,0.8376588994529,1.34506831275556,1.73989419984301,4.86207236757387,1.87193299300536,5.07632013917478,1.9354066036234,5.09278859981079,1.85107055226351,4.89721570900015,1.88638384516967,4.91090870783013,3.4784473001611,1.97635917506294,3.541285562988,2.08247460053437,3.67203263661015,2.46355911149865,3.49551696554389,2.36120829941052,3.64444195644518,2.29782557326552,0.838,0.745,0.668,0.478,0.792,0.757,0.612,0.525,0.69,0.584,1.46918244877577,1.65389925532473,1.4076525662118,1.46362763147555,1.74354859576587,1.97507641310623,1.39470824275588,1.55136317365754,1.69698529881324,2.03935004612361
0.596096027559037,0.738679258352155,0.598995973423448,0.927135935010203,0.722776283879638,1.02050137693098,0.684927658226049,0.931476301700285,0.914232297575828,1.53537590857507,1.86103768744381,4.91273147059722,1.88883114522423,4.93683027759606,1.85510123668815,4.92964559726161,1.92564583548237,5.00443532587593,1.86312903523032,4.88060237652609,7.24839914386436,2.32723783963824,6.56590478838838,2.37347263454733,7.51213421427841,2.95605104225824,7.4725941000461,3.32630588745081,6.99865782004044,2.61109805402595,0.864,0.879,0.843,0.779,0.764,0.662,0.834,0.815,0.673,0.474,1.49449926964057,1.69604003919811,1.48547925259525,1.67414592499085,1.50431058298444,1.69222648657938,1.41330962436475,1.77433348008754,1.74132278195492,2.0234007660951
0.770793135746665,0.998822843942522,0.554373896803085,0.858336888095571,0.606128867150636,0.956474881245906,0.78965511880714,1.14985875523858,1.14338907498899,1.43793179051164,1.92636333985742,4.94364951258411,1.93506208844167,5.00125230578953,1.9418537122771,4.95293461623525,1.95177048050123,4.96034050501809,2.18704080039102,5.16257971518898,4.4243623568485,2.11423986477874,4.30902466478056,1.51330505054738,4.47849360952124,1.82278908757603,4.34386619409741,2.22346063632372,4.47070977407863,4.45685503876985,0.629,0.702,0.779,0.801,0.718,0.635,0.585,0.622,0.44,0.56,1.45082392989126,1.60135978370852,1.4526605341088,1.55315954423352,1.44790910244521,1.54353096012312,1.31279116681722,1.60090635362153,1.57816254624443,1.87178367544644
0.61581361615745,0.895869639001828,0.47408641273115,0.788003204409433,0.578736935367919,0.898587220320504,0.624060825886014,1.05048122120661,0.871880636340928,1.22491096625603,1.82219458720479,5.04391028915332,1.82524207760278,5.02905761324032,1.80524950809827,5.01981015503833,1.84309339780567,5.05940596497602,1.97259275522809,4.9067473974233,2.86692182637332,1.11701939750775,2.89540038460514,1.25992634428738,2.99555994547112,1.24496336177038,2.81026249922536,1.24110746882897,3.07556972712901,1.40252505220075,0.919,0.884,0.886,0.796,0.888,0.799,0.769,0.679,0.644,0.662,1.47388852755018,1.88523488206717,1.37494380777742,1.53493707315828,1.2537175269326,1.5675118671203,1.12335832069678,1.21425835978588,1.4091509068241,1.84593923616693
0.54064553768967,0.841628471700118,0.544521743250286,0.842847002296737,0.557460383414416,0.832776924836696,0.50058217925443,0.86388286401616,0.628976776344789,0.957242199994947,2.02609885818326,5.20327595334828,1.86202044091464,4.96989640348834,1.93404181445955,5.08137283192367,1.95753499317354,4.99122066160328,1.97817009264974,5.08963826363901,3.70534475213765,1.25796381628043,3.80934204644329,1.15424686203408,3.7151597408391,1.18540560837849,3.85406083851556,1.38209854337603,3.61557132279423,1.35171945073378,0.837,0.778,0.907,0.762,0.843,0.762,0.924,0.753,0.867,0.651,1.34428791536133,1.6318938331325,1.25110009095842,1.41497425393592,1.32722519274897,1.47857495449796,1.49340388381483,1.71221654193214,1.45122108559647,1.39196617819592
0.67099623555709,1.07287358988733,0.65536367869245,1.08285130446113,0.837675730825471,1.2187142191268,0.815246157551296,1.4954697783987,1.18148161717564,1.50238337160394,1.89451961767633,5.15902931359567,1.86831230515843,5.18042954996952,1.88588911432436,5.17304584089531,1.89569772369029,5.16089838513688,2.11250235160512,5.41255068806739,3.83854942687301,2.63930771055539,3.91441418134011,2.67942028665727,3.9152178572184,2.1798736648178,4.06503158410467,2.34560818412589,4.14589599830018,3.2126699927227,0.808,0.763,0.856,0.764,0.773,0.717,0.761,0.547,0.515,0.583,1.32727855762137,1.55659493225745,1.43049545942952,1.68388552763542,1.37517024522413,1.5694605070962,1.35501627238569,1.71278379927004,1.69475543476752,1.71952741731806
0.548470807644962,0.807320952042195,0.599869055382594,0.857350069051567,0.76423435300803,0.920483225246192,0.855184857352582,1.10808266125035,0.928990458146241,1.41048373716972,1.7202715508668,4.87744634223667,1.73864601502431,4.93924006277639,1.83413061140515,4.98681699594471,1.92363932022891,4.98822449551334,1.9414263596587,5.03644696071767,16.396717171092,1.6525059648249,14.7294556474093,1.6703384470079,15.4628466938691,1.87037013635586,17.2982177425217,1.82013578872449,18.042580230675,2.04125180505987,0.908,0.829,0.814,0.835,0.708,0.772,0.706,0.694,0.596,0.56,1.34916385420865,1.58029390186793,1.39080494383434,1.93248603837898,1.61375873354261,1.83087029028724,1.52879616492474,1.90133275256602,1.30384987216361,1.68584379518348
0.586068927432762,0.89070814476407,0.560379867985077,0.803217284370229,0.58654176697627,0.879423140212367,0.84584236616559,1.23693586164023,1.13510493490396,1.84799322754079,1.76406621627083,4.81061635595327,1.74279628563057,4.773566955907,1.76473905036234,4.76533116198312,1.90973790691171,4.98051095506557,1.90820038666384,5.00412820507521,4.35830835098441,3.49078229572196,4.13579468274588,5.59936051667203,4.27032098244886,4.00542518976955,4.27883610136881,5.35424888055535,4.33640102924958,3.23600563213334,0.807,0.768,0.857,0.823,0.853,0.752,0.644,0.629,0.498,0.39,1.37433332237291,1.45638151972186,1.33481591893655,1.52865798988042,1.381739164664,1.55580796243292,1.30639684389885,1.55560749447611,1.46430086485092,1.86538104478592
0.627610737439984,0.800675604468066,0.837765000254911,1.18903145269424,0.678248990343129,0.982255161327418,0.770392998320069,1.16181878567499,1.12574994006291,1.86398976812724,1.82097801673751,4.96943206515694,1.82030163191994,4.94130915831013,1.8793824501654,4.98949553425132,1.98371725015848,5.07962868440233,2.01049724079788,4.9140479006984,8.31004291491169,1.27213178872119,7.91251164668183,1.28085242575345,8.86412585039339,1.33012659979403,8.34843544503444,1.48924367997367,8.57692364307261,1.453002708909,0.788,0.805,0.61,0.663,0.81,0.656,0.723,0.751,0.639,0.518,1.55564463437457,1.60289001369574,1.38160760640864,1.66550599740942,1.51317954206159,1.63995073969171,1.40684027974385,1.64172037387368,1.97212840760675,2.20952012002563
0.434717586158216,0.738651357415683,0.582956861825327,1.06466039385041,0.556558381366119,1.08802323951207,0.62220863405052,1.19231526777388,0.762199752092164,1.21740839095325,1.82071738602585,5.06057229412845,1.87660119590406,5.0397816027175,2.0077686112028,5.15355441059064,1.88241302062153,5.0592217600595,1.97163423114774,4.96376112339427,11.387885042037,1.04552326566063,11.1582243617854,0.944155156149689,11.3028091196437,1.09093247924295,14.0981482169831,1.10963477073815,18.3170518102094,1.24851019550583,0.911,0.823,0.807,0.708,0.85,0.718,0.814,0.611,0.724,0.62,1.3753540175539,1.66297559424926,1.46445803186753,1.77199343200411,1.5596380497283,1.84806495317741,1.35449703513067,1.76256763098506,1.37103616544369,1.74633953525955
0.514090211350495,1.01573399671165,0.559559467184359,0.854307025856833,0.582778143934474,1.02431154203289,0.639934209657487,0.869451284852817,0.796157665873734,1.5433043163212,1.82838861686263,5.10443355086326,1.91193975738388,5.12416365920297,1.90520626923613,5.22569120590661,1.87708641833705,5.00010498595757,2.06622497656377,5.22317317073561,2.54521678551739,6.798727682933,2.55531934806594,9.11003155590169,2.54542287174972,5.41937918506877,2.72149504844289,5.80194126615932,2.53550266114972,3.99812316644576,0.888,0.617,0.795,0.836,0.839,0.612,0.757,0.725,0.69,0.598,1.5593074750189,1.63687706532144,1.50988641675838,1.76283929349834,1.63024085525963,1.66485568661617,1.49610116522587,1.5716275111115,1.80583322403059,2.14981594027079
0.563705360544814,0.70978523715229,0.471395840238249,0.750527681727369,0.75617046274378,1.05729054600388,0.684563391013674,0.913451358043661,0.979158375634998,1.21786115523308,1.7998937322463,4.87261981030106,1.79247585153983,4.81217240860583,1.68870812168649,4.72640317884937,1.76808606346351,4.69016446186478,1.94301819621679,4.98248626401143,6.34719910686373,7.16098885005255,6.04459155619906,4.79727080900908,7.13292906338333,5.59005768203082,5.65735651414476,15.4330250485749,7.43791335967335,8.9624866216648,0.859,0.851,0.908,0.864,0.685,0.573,0.771,0.698,0.676,0.674,1.39706047382006,1.6455990486892,1.33255776409845,1.65060799609901,1.43315578866641,1.37375313585245,1.49763976502688,1.63485580870112,1.63495198602928,2.0352692001478
0.397616975554167,0.686578503327426,0.468438958490636,0.772054580210653,0.516573991444212,0.825016234622154,0.872949256861256,1.32233741607604,0.978062236067383,1.44080730904245,1.77273355804341,4.96401113879657,1.77819788898211,4.88259197586515,1.77487856780722,4.96387733988526,1.73621144090614,4.78124210588338,1.97957201628304,5.04264531882629,3.2253707100032,0.84588715947127,3.31012426318476,0.878058057074462,3.27268468051717,0.887769888963887,3.37281084532873,0.917805195531272,3.06704717143978,0.900958893861606,0.905,0.802,0.906,0.806,0.875,0.778,0.74,0.65,0.672,0.584,1.48276708799587,1.54645744687212,1.46612525633664,1.55367825510176,1.35800435868489,1.54176450775287,1.52563257502066,1.91183310270607,1.70366613231802,2.04462879928088
0.650273609952178,1.00050761253922,0.711618191397717,1.09438871389109,0.716446963007067,1.17268883320081,1.01006275361231,1.41411627970084,1.16295533163071,1.72625010530011,1.7596256095012,4.93416297476694,1.74495987287203,4.92310517812667,1.76803721689558,5.00009321315367,1.81642792673023,4.91163063263181,2.13734203775613,5.14668816898044,2.82687227664965,1.16633125476458,2.86302353122395,1.28040007450678,2.92608756763951,1.26820577794053,3.12768720984013,1.29717979369045,2.8153240457707,1.48251345077224,0.819,0.783,0.835,0.776,0.793,0.62,0.683,0.689,0.605,0.509,1.25807900753252,1.87788345840063,1.49579334880401,1.88532889763858,1.27608480110953,1.5550837433784,1.56830439151306,1.93642336840054,1.72990436008824,2.01969495484291
0.49378641952748,0.841162697435454,0.494132649800693,0.855525480832035,0.507800119867916,0.815124304786851,0.642971445684605,0.990811063230358,0.858058327177648,1.13720898812188,1.83380411802603,4.86068406761325,1.87543222048049,4.86948535022253,1.87155619756952,4.82659647746378,1.80711346625593,4.7572796835043,2.23966648503516,5.13549728454123,4.63221397415936,1.97758901968728,4.83624072288218,1.82838649730358,4.85906275053148,2.0235928417583,5.04601593575419,1.94587781499102,4.90828964871706,2.00906772276099,0.92,0.786,0.925,0.784,0.91,0.727,0.814,0.677,0.756,0.748,1.42742673529206,1.76136654221986,1.50084037090224,1.6584664378659,1.48858672085189,1.51950265087859,1.5058605852805,1.68020865510666,1.92462898269242,1.98735054709801
0.455840576314579,0.728785793565029,0.526712750399122,0.814945426598451,0.640341222504116,1.20644993947651,0.610957699576348,1.03880481114063,0.87033742246414,1.4436783882779,1.71056581721121,4.98640371155707,1.73519374004672,5.05803173611725,1.79219992973583,5.18324283556946,1.83350813308945,5.22005676802353,2.04865319476496,5.33722386475932,20.2466678002512,1.60570594432113,18.9963887270226,1.48272325932612,18.0725130379602,1.56992332723235,20.0949513111255,1.46221712565538,25.0863409887725,2.50786350489088,0.915,0.844,0.759,0.637,0.765,0.573,0.83,0.663,0.699,0.556,1.58906389733951,1.69949864023843,1.31150923357783,1.43898338277704,1.30305073210917,1.51340222204286,1.34665918962186,1.41036012794948,1.38502111355309,1.64138494860792
0.594889011713863,0.897842133178808,0.544349349312423,0.680186798165493,0.61065303255547,0.815892052629691,0.758395571340511,1.13447805420875,1.04661011309916,1.75337004384734,1.83033379786709,4.94938468594057,1.81089678222543,4.88648257612711,1.91257214299923,4.92001570288307,1.94997179436368,5.05583457002857,2.09346742003003,5.06979251227161,2.60355202738525,1.05417911567732,2.64759543078231,1.05720426891174,2.6456100264361,1.13355940310376,2.39308526544117,1.10546192734632,2.41310095684113,1.16119062490752,0.881,0.797,0.875,0.856,0.861,0.837,0.705,0.631,0.527,0.406,1.40819175270258,1.69716121978659,1.24656421863153,1.50935417258655,1.44518318922487,1.75618452763896,1.55463644408836,1.94539207402694,1.51860226684643,2.03375496499785
0.56026390624393,0.792794455907163,0.704629487086755,0.967047338086912,0.736504265170376,1.00061704045828,1.0603267329139,1.41628557813791,0.829659925169218,1.03307438443572,1.85149793967547,5.14155039456063,1.91040255906889,5.22119922471364,1.94632031832576,5.21296644109482,2.01529853116395,5.286320226643,2.08218653107622,5.35306680473578,3.40845015754784,1.23339450710947,3.31635650283999,1.32390229601361,3.2853296679445,1.33136170162901,3.1949045861305,1.45213243284235,3.31939599188348,1.34941340839969,0.853,0.801,0.788,0.665,0.689,0.705,0.406,0.255,0.769,0.814,1.43278986025528,1.45249746720607,1.5580424368676,1.54577805634118,1.49617968881473,1.69107963942381,1.35296839582299,1.43047193173649,1.58558403349446,1.97485850374565
0.523463963081358,0.760167156977814,0.692210374965416,0.87740306018903,0.49799316323117,0.819002781427436,0.757639781872163,1.08304936861962,0.811751872799134,1.12584240643686,1.82969449601564,5.05162977028239,1.83199577310709,5.05942917693923,1.83530398328867,5.02872222530855,1.93998444061991,5.09268528685839,1.92643899386741,5.0208783297078,3.71425839566985,3.35456330988746,3.52965059587853,3.28636446442458,3.6576220004855,3.97946451642044,3.69329369610213,4.6918588648396,3.56938246013622,4.4834486839533,0.765,0.816,0.771,0.785,0.912,0.812,0.404,0.641,0.667,0.663,1.30145813582552,1.46224155275913,1.52954982613403,1.56272701389976,1.357890674939,1.50940557348009,1.3113086775517,1.36921638530083,1.56936213749283,1.83655894481886
0.685898343963111,1.01066952208642,0.764769130379039,0.915332035315248,0.700535580176918,0.97102491795478,0.831857023926488,1.27755823255466,0.978617182182416,1.44481294568512,1.92120915024795,5.04435524872708,1.91893397026739,5.01723499656703,1.92159454581938,5.08167545584284,1.96290617306232,5.08373517547655,1.99143438267132,5.02777214535772,5.47355842981517,3.44965813479774,5.42880350393407,3.92297492667717,5.91761518461091,3.53699664862617,5.80257966163082,2.3836531323867,5.94274780601159,3.14182056344016,0.877,0.736,0.738,0.795,0.809,0.626,0.679,0.626,0.67,0.572,1.54451547895561,1.67855091089741,1.58255503240194,1.90953525270149,1.62821332042171,1.57912875938074,1.45068103380226,1.86962447499035,1.7896013005915,1.75110224395593
0.472661099371195,0.873619214988558,0.58737031525657,1.02413936218213,0.631347724692591,0.978972326870999,0.82309902206981,1.29926809173726,0.936804210861578,1.31793741208257,1.72317428763885,4.7624406427762,1.79480356047996,4.90136259101932,1.83663613455067,4.8151318756346,1.71152279455709,4.73571390931943,1.89540583121552,4.73661906992767,3.99460489653361,1.14255420923873,3.77790112402678,1.07467140507907,3.88995071024637,1.23012236741911,4.14213584464182,1.16277222182624,4.19365294662009,1.25191814906913,0.903,0.599,0.898,0.818,0.866,0.73,0.642,0.652,0.649,0.646,1.32617413436585,1.61937079051163,1.46263042041581,1.89387077553016,1.46028618913879,1.73609328781093,1.39397980402843,1.85656754762769,1.66753958268155,2.16008543390966
0.745747597818922,0.971413169764466,0.632432881321487,0.854762830350509,0.769278062577835,1.13452079622713,0.985549653476455,1.35428908671456,0.939675950528448,1.21936222527047,1.86446326157164,4.89457225235761,1.92755067050876,4.92801567887634,1.92866963813604,4.97610802335897,1.96065084452311,4.89530834126048,2.15274758047578,5.06552053700466,3.45843860288712,2.07259566485826,3.67606181934898,1.86566308089271,3.46127401309911,2.43537369169251,3.50920816074095,2.21706644553597,3.67048779281959,2.42507269456422,0.842,0.807,0.874,0.751,0.723,0.738,0.678,0.629,0.675,0.619,1.28461890565495,1.58001148128553,1.3294131004055,1.31611457356579,1.21259364347482,1.41746027657073,1.42810272973632,1.58520745557325,1.39642818848625,1.73600027884296
0.527547096845782,0.747034707126246,0.760717506936214,1.07169940337184,0.990406337234827,1.19300773169901,0.740983804807693,1.16468649462833,1.03583578443461,1.35953725601445,1.74737340715354,4.9996237177671,1.78206033524135,4.96003512777573,1.84142273655611,5.20285966938835,1.79865121622328,5.12203613394866,1.94765805106918,5.14772950187915,4.18550562800096,0.983595663306341,3.50879303943877,1.05491197752479,5.49617580640171,0.992810158250039,4.62862236995773,1.00766970933039,7.46534351742786,1.16460856347205,0.898,0.834,0.77,0.647,0.614,0.644,0.667,0.492,0.683,0.639,1.42548402468245,1.55001979319647,1.52752114445432,1.44212257991845,1.15717139412865,1.4441442897496,1.34368521313594,1.40759106059707,1.92081568192544,2.11801317828484
0.672914524355284,1.07002192711463,0.582104842532714,0.973914653689415,0.704015669605787,1.11477189946331,0.838225356244963,1.30225467144863,1.01079992575821,1.67238569806143,1.74777141198646,5.15346828269141,1.69816752188908,5.04067445356265,1.79580871806906,5.17229441182575,1.80779931226242,5.16719285152043,1.93556101665808,5.26381699339942,3.89749290375298,4.04467640284238,3.99175452299259,3.62042279994088,3.88270805868042,3.67102772337132,3.94536623019275,4.34908506420993,4.18521229016899,4.56075824077499,0.886,0.794,0.893,0.805,0.747,0.725,0.65,0.559,0.658,0.513,1.61166374579992,1.75997649384506,1.41654404970888,1.57479648526479,1.30591844195561,1.54669916045125,1.45457853245316,1.61406981937091,1.68927771908985,1.82295808821079
0.717167980553675,0.942385270049974,0.615560617839696,0.73870561505919,0.737242326744159,1.16861365403376,0.714191803944512,1.02595954512324,0.938191385309081,1.12897808553502,1.95683216681847,5.23860318004851,1.89442061109904,5.22528872826885,1.92412345619259,5.17951943251048,1.93655660475918,5.21034946955682,2.0183634975917,5.169751363112,3.7208167233411,1.89645411384473,3.78665949061251,2.08619085373432,3.54133402284058,2.2071439560127,3.82500969819818,2.7872384056264,3.97609942641705,2.46964091856971,0.832,0.737,0.885,0.838,0.755,0.702,0.693,0.643,0.626,0.666,1.44224281237319,1.54310747170907,1.65926107829175,1.56010144303979,1.5313090327641,1.65339254475043,1.55433694130922,1.80429127636626,1.74703874764565,1.66967078727082
0.61141775163225,0.893293278185601,0.522067762539574,0.858968396102428,0.783499873352933,1.20570826997096,0.609542988992086,0.897814590371887,0.978478714870486,1.54075903107352,1.68021640525031,4.84897262895627,1.63989889791725,4.82450893005292,1.66941896089407,4.85012620045788,1.70941718763541,4.7221428449491,1.86689630266317,4.87926296512049,85.2454377448188,1.62832058593499,82.6185582950928,1.58665774442096,95.7152657701844,1.50113334556675,105.945077035288,1.5938395855857,110.251672147979,1.66105307615451,0.888,0.735,0.891,0.736,0.747,0.663,0.813,0.737,0.59,0.391,1.54972130472891,1.64887641850057,1.45831614067206,1.59071522424281,1.5020255458888,1.74855216115115,1.30656744325498,1.29499773681019,1.37670249293024,1.57954276943715
0.475703809707033,0.745930851621581,0.45535172921079,0.743066453304335,0.679055056849087,0.958622169525605,0.718996785964173,1.20699613212277,0.839801236249674,1.44618135714594,1.80180469172225,4.77047134144182,1.75696427095536,4.68274504615641,1.81791934469384,4.82363717237529,1.81197431664058,4.63141164861303,2.01976105240729,4.94462600807188,3.06748488463714,1.82673013482414,3.14457730766906,1.8366898161926,3.01499722626063,1.71023014950557,3.19409663433055,1.86986963779838,3.14600383198561,1.93015927853417,0.901,0.8,0.929,0.818,0.784,0.754,0.582,0.476,0.699,0.615,1.28455676925585,1.52908604858949,1.33955326925806,1.63883735943543,1.47212771696618,1.5947222882166,1.30042461823484,1.56384605400262,1.41285590042573,1.72880670011436
0.57552813527324,0.928572855203345,0.504303909098958,0.766749590797764,0.642331653493323,1.03017927046005,0.851590719516869,1.24039046675026,0.916010201698475,1.28625025097781,1.78599796794293,5.02787403430418,1.79990259218507,5.04956744453984,1.80624921562596,5.06439704696411,1.91968040890744,5.11021051121593,1.92831350459708,5.23037521454403,4.40878435726885,0.891480162589436,4.07907138480914,1.02850233656514,3.97829408941046,1.0298065809418,3.90271282581187,0.977960508796038,4.4456607784931,1.12272820653191,0.939,0.739,0.915,0.664,0.865,0.611,0.809,0.638,0.74,0.516,1.70665568398205,2.01204121112401,1.534249746713,1.75461901312624,1.34850209856958,1.66289975482067,1.50178077339894,1.60509104029321,1.3554916958771,1.72981322742509
0.680508503079871,0.89922391409749,0.797660098138142,1.00845440502107,0.755206193099655,0.961100071887681,0.760797713868469,1.2006058851166,1.0060986132054,1.54270452569304,1.9238258254329,5.13096528125295,1.86101097703865,5.06800312705142,1.93096114552671,5.13657542571862,1.98427207535392,5.16091719805219,2.07923057124852,5.17287732056055,4.61665529975957,11.2665189533799,4.38734360793234,10.9437941914822,4.43919069917594,10.7443659952651,4.0719594457538,12.340398019511,4.6734618647356,13.2149232651375,0.648,0.86,0.625,0.851,0.664,0.791,0.732,0.771,0.707,0.636,1.34205539608966,1.40406724415603,1.50223014743457,1.52376955581309,1.36983658106738,1.44616048234201,1.61960618774291,1.97765070189886,1.88909515671198,1.97516955660312
0.68964522635323,0.859045612142174,0.718285013027669,0.868661573393908,0.843878318087983,0.985847521731844,0.854620261033884,1.13696094220638,1.14256307604892,1.46279206878991,1.86803068501082,4.98004301925928,1.92935915729262,5.08665712039725,1.87220696354824,5.10578194110202,1.91973995169026,5.02661974007677,2.10454548656391,5.30481115109075,8.50840882444108,1.8954145224939,8.20917064372872,1.92517459920551,8.87950179579708,1.74214607241435,7.73276144944037,1.99043479329631,7.59643067274011,2.33433614552098,0.793,0.724,0.825,0.761,0.654,0.69,0.699,0.591,0.438,0.521,1.41167711218709,1.47828612676409,1.47645505688948,1.42919530361662,1.396545784732,1.63750728267906,1.40055055891404,1.74784318795191,1.45169807420564,1.75058083979034
0.573181692988477,0.803911635654418,0.71095652766652,1.04698495875302,0.726901582218891,1.13180382676111,0.815133483950646,1.12056177133166,0.872377971995912,1.37170371348226,1.83321673714415,5.03160901894426,1.82692171406275,5.06953144155502,1.84605674208674,4.97271298773433,1.97318719976965,5.18858100205786,1.9719537827722,5.12081640159913,2.99239145641851,2.25339934779444,3.12344672962924,1.9978954875133,3.11568000271066,2.03172680874441,2.95021034613474,2.4632945066797,3.24749828168273,3.16511325975451,0.811,0.89,0.675,0.82,0.684,0.719,0.646,0.706,0.611,0.626,1.29565391471596,1.65471290560699,1.31077303183426,1.63009467569149,1.31158889412869,1.69342274850112,1.42871278321722,1.76774119872553,1.49464982744554,2.0572901596443
0.549122643723632,0.746110570344905,0.646673979963418,0.852078116723586,0.672376027671578,0.993114289410025,0.728958268309514,1.16270856979672,1.03436834429204,1.50028877088177,1.82431733532647,4.9485944835968,1.83560656111357,4.96821377509921,1.85242045960671,4.94938338692584,2.05324159404829,5.14209706397669,2.02609266268947,5.2198212151628,2.90418420573383,60.0198937272878,2.98297626851401,53.5791736511053,2.97562972475647,53.6462083892371,2.84929585568033,16.588293028538,3.04842422430935,38.9877567305218,0.907,0.88,0.825,0.698,0.787,0.718,0.726,0.718,0.531,0.516,1.44350877555467,1.59200425152773,1.38177798364154,1.53584024286897,1.21514358306829,1.55754395151217,1.20136354464437,1.46568636318797,1.53102213614695,1.91024339889113
0.721809816937668,0.948270028750737,0.784454980662517,1.04568797928373,0.778453807647413,1.12486944487964,1.0777501506458,1.59876084372257,1.1843434127352,1.66001731526752,1.79111801677238,4.9426548928703,1.7783701915976,4.88011654737654,1.92774207248888,5.02170761943637,1.87277495934686,4.93392762864141,2.04309589077814,5.08157852140114,3.16565104794733,7.62672205148778,3.388188132403,7.69104426283337,3.61611222200808,8.41504395745688,3.4937700189707,6.91764291177296,3.63812690111078,6.49414656915416,0.832,0.817,0.805,0.794,0.789,0.603,0.601,0.489,0.578,0.59,1.35033298237355,1.43476331355687,1.61259504205707,1.69220589630973,1.45696215255238,1.46906700444296,1.45365215610968,1.70530498300141,1.34766331477623,1.55790105190292
0.747596033356235,1.11494838824623,0.585859951368046,1.08446383490672,0.624232896642398,0.928308836000401,0.583906063179432,1.03999791418984,0.993278019338959,1.36478310826296,1.74377581823004,4.99203512013212,1.71576239616576,4.89514358579251,1.84199443841058,5.03713075204527,1.81961677038874,4.91265877778012,2.03861423512327,5.17894420243026,3.18227664799076,1.32167789902677,3.3383914654924,1.33284512998935,3.20748993217819,1.31268792735784,3.31906891341463,1.21410392637338,3.33987374612284,1.47913937122097,0.685,0.634,0.914,0.73,0.654,0.741,0.838,0.692,0.58,0.635,1.50439969133823,1.74408437602087,1.31392280689921,1.62338996549938,1.42392368095216,1.62364858248424,1.33680935160182,1.44629749412217,1.63640751500572,2.07520534503956
0.582025445725523,0.961371915582986,0.526124896060432,0.922976891226666,0.805613551869711,1.29063782037559,0.681217204768278,1.21703369464536,0.767276741592431,1.1180682245163,1.74418264904751,4.96020845688294,1.77113760613899,5.03198937103391,1.82130557533466,5.03092822804536,1.9880488811406,5.20790480835266,2.09539314001545,5.2463735088057,3.06167912183192,1.00201273755433,3.30695373318475,1.20302388464093,3.10019466788041,1.0654466310911,3.08738055657902,1.26688654027308,3.06729098893457,1.25544577260969,0.871,0.585,0.926,0.731,0.78,0.583,0.876,0.534,0.764,0.6,1.22961405233053,1.38556361455271,1.37565947770426,1.39526987115118,1.55914812901495,1.79015786412709,1.43259988389605,1.80172383762217,1.56696109774689,2.00808743471942
0.537528426174743,0.818112712295648,0.536210106357179,0.869286827293678,0.649054775718003,1.08129719219666,0.748776513188081,0.958744005393091,1.05969533890963,1.61331582841113,1.81710173083743,5.11681109690912,1.7861430823975,5.06492694274888,1.80485779438163,5.05052151319245,1.8951381155465,5.04921135642828,1.86036809623347,5.01752810999065,3.39410430787375,4.98871020137805,3.38294471559581,4.72713201722438,3.45269493455159,2.96365830963228,3.39741167593045,4.58629439524425,3.52314550047956,4.59996300081108,0.908,0.812,0.833,0.752,0.704,0.568,0.563,0.498,0.564,0.496,1.44591218607038,1.36114395614169,1.21874069793365,1.27023378749545,1.27897836637343,1.27829298375367,1.17687007882482,1.24046245704406,1.59449049225303,2.03294233729597
0.586304106492916,0.881153510634285,0.486521904959161,0.88808898041367,0.596984646232784,0.913170452945552,0.839237903846294,1.44640533109106,0.917423766425304,1.6104345838601,1.87598044284134,5.01169306610403,1.83961791169789,4.88369126776847,1.86097752054328,4.95162569327706,1.9475948027321,4.97088809974307,1.95583164601982,4.84039663755855,3.7879480545096,1.7220600325765,3.85631629112138,1.97494787644315,3.58118261143637,2.22055443789225,3.7362750751427,2.51653322334972,4.20410182677801,1.95796552421012,0.805,0.559,0.939,0.593,0.852,0.668,0.723,0.412,0.68,0.418,1.3319469180562,1.38497255916795,1.50266982378398,1.4649128454359,1.37037142862923,1.594268330971,1.05148428150748,1.33536852453661,1.5951630848009,1.71301708738546
0.569482187125751,0.878054889359743,0.524749931408422,0.696203694658299,0.696803791326739,0.971963966930497,0.978904994427438,1.32250380842785,1.05148676574398,1.50287654226718,1.81320114885134,5.18871613895142,1.86314891907145,5.2128085710451,1.83185531235884,5.21526963108036,1.93326831660472,5.28309283097114,1.89830783162967,5.16358594729121,3.53911962257829,1.64556179127918,3.47938771299136,1.51788510842562,3.42644248043307,1.60269817370031,3.72258292297466,2.1191374522477,3.29450129054693,1.46743088446416,0.853,0.771,0.835,0.859,0.707,0.746,0.745,0.686,0.626,0.579,1.42441905190204,1.80549771794079,1.30115356208672,1.72600967838809,1.36604060692578,1.83634289885246,1.28499294434889,1.74362435649678,1.67297043334457,2.03875142467708
0.777470349865823,0.828732678710007,0.593488770986855,0.820828069062723,0.902430580239669,0.985284016148489,0.887522113169488,1.41491709638273,1.21050166497751,1.37560218804314,1.92041813340823,5.17040748303997,1.98464545333533,5.20738677373837,1.92884193108793,5.14730059389874,1.91419706432631,5.0992726953146,2.22598040700784,5.32973258796402,3.18810455511461,1.47906873691834,3.30688259155045,1.74573272727684,3.33922419335565,1.67345837525424,3.216750138846,1.82039047262499,3.2777916897606,2.05534293063031,0.736,0.791,0.78,0.742,0.686,0.715,0.711,0.577,0.652,0.686,1.8110448857746,1.71728047061763,1.48681705973419,1.4146141652511,1.5038950731725,1.6110756527978,1.72463766608614,1.85550188522032,2.21361063419012,2.32831348691222
0.472820308873848,0.758587132402904,0.460761392563085,0.7337143775475,0.611805280038151,1.06460106245771,0.607628102674253,1.07033287484349,0.763619560327588,1.2608415897331,1.7675898578061,4.76269829067706,1.80970493604442,4.774322229082,1.83298521806154,4.77504208521251,1.80989432654812,4.8106800392294,1.8838754971671,4.78610252046664,7.73375145272891,1.26271968731593,6.8519831534271,1.2807388103866,7.75379475507977,1.28911647616533,7.52754203408464,1.32618737351944,7.08616337009077,1.38506249215404,0.89,0.854,0.934,0.854,0.827,0.528,0.836,0.637,0.602,0.534,1.1986104555105,1.40418225729863,1.3649470230231,1.65223548112778,1.24009278291478,1.26708782431227,1.13028923395975,1.18823097607227,1.43381444052334,1.90416669998968
0.423852605453578,0.844127855243515,0.467510457544363,0.868514666746426,0.548661117288626,0.885727074388243,0.75727809619488,1.30278430550192,1.00423752311771,1.47210860336981,1.75673889833809,4.81928491346003,1.78127895170402,4.88504752261042,1.84210388810634,4.92407939781913,1.82920188572218,4.85404775929145,1.92038020491223,5.08856309547175,3.372206198545,1.11452973188545,3.33035724561539,1.16850555491348,3.32839889265318,1.12942512386908,3.33064782651747,1.19410839950856,3.46986059453761,1.21509094328962,0.954,0.86,0.918,0.768,0.909,0.714,0.75,0.705,0.597,0.391,1.41838917297756,1.81387187950412,1.5046241762875,1.50350791202731,1.59214048352673,1.62179509626395,1.34288869849209,1.62030391845445,1.34637418574359,1.63609697163683
0.549679327271977,0.783681351611548,0.560312403037806,0.969884970453217,0.494845933195077,0.788030461906751,0.58203999639874,0.951990232273969,0.873987072111136,1.25405243202923,1.82537482466183,5.06766040240593,1.84952517152529,5.04735928499711,1.83050980585776,5.05404499099177,1.84099303233087,5.00479255365542,1.99317942249603,5.12320589918439,4.66553118342284,1.36027869238924,4.62369738191928,1.3336250462331,4.74605938072718,1.39369908449221,4.65841618084572,1.47627607073477,4.48694773793987,1.43168288538457,0.882,0.864,0.808,0.691,0.924,0.774,0.819,0.791,0.636,0.688,1.45830816695897,1.62177642268109,1.06878231981357,1.1791597343296,1.35584194106782,1.69305728392962,1.31364725847244,1.6889045941985,1.74213850771986,1.98554514585176
0.661694629469319,1.19895002409739,0.518142233674621,0.878832545732006,0.63652344263612,1.07096357760634,0.791729737419286,1.28685609824777,0.770957448700536,1.27235032610365,1.86825199211431,5.06299126630802,1.82698662673572,5.02374868483739,1.88037976169711,5.0668850581256,1.9783622734972,5.12773576380436,1.90835146348054,4.95761660419626,2.90260033063572,0.920570752232131,2.83172416842074,0.919484620927947,2.86275115170393,0.930362955655536,3.06699012024084,0.925913533237819,3.06662567682655,1.01982753144054,0.805,0.642,0.902,0.826,0.819,0.755,0.65,0.431,0.761,0.66,1.31272358586466,1.40760489706336,1.18215653135008,1.5461814833451,1.44219581844933,1.83966782761587,1.306184485015,1.46621040626548,1.76288591463152,1.92899808177147
0.616008677090652,0.913244318347908,0.593505993533277,0.88458028044237,0.731712032871676,1.01544409199853,0.783119851646913,1.14815161741421,0.906247680640209,1.3121751067818,1.86381207950713,5.04525585094959,1.86226435783754,5.00108055373037,1.93029560798334,5.1553521519215,1.94856339006125,5.10335534525149,1.99368176918851,5.09414483541724,4.31348341912516,1.24701640011976,4.43349513675293,1.35108471488009,4.09302081663994,1.12427001432372,4.16416934314906,1.39640692363997,4.28412168725207,1.3953563615799,0.863,0.838,0.896,0.798,0.769,0.766,0.793,0.722,0.68,0.605,1.33774941200929,1.55232237989906,1.47389808416551,1.3096677753115,1.39443310224854,1.48728957560514,1.5411641911464,1.58892906320547,1.50482936478672,1.68100640695202
0.473517142753872,0.811180491488907,0.664615548461636,0.946029409222345,0.627685381316707,1.02971231314678,1.00446190105059,1.61435138974783,0.912963215459992,1.39135819639187,1.71091946615617,4.72539379385233,1.76212305921046,4.80804233564113,1.79264621412564,4.87479633457253,1.85472547823761,4.95245350649505,1.77160449823139,4.78719309611685,4.61090217143974,1.92434925858113,4.76141368616654,2.10848285289166,4.4137660222801,2.12631071232412,4.1915526342384,2.52293353076817,4.68593218853209,2.00776521008656,0.908,0.824,0.85,0.762,0.841,0.671,0.627,0.498,0.604,0.499,1.49949763099174,1.55458234231622,1.74002847876288,1.800514404959,1.54876103508147,1.70707219998057,1.80381721799078,2.06610684586565,1.59299729281992,1.63779540252891
0.474625808359537,0.829729052623182,0.577269547948839,0.92183214686321,0.656241717031318,1.04227415226005,0.899172072584218,1.61530665372471,0.841829447925884,1.22414687254024,1.76237916896789,4.90643290897992,1.74761521890137,4.92505302082798,1.77953073914419,4.91463894391195,1.9783359587155,5.06995661924686,1.90964063847068,4.94916745001268,3.25752565592711,1.54208988691192,3.47662860668933,1.59190671935949,3.23921089120368,1.56284857867924,3.16648446571817,1.32179922946624,3.36064781602823,1.69831540976944,0.942,0.836,0.868,0.797,0.853,0.649,0.724,0.463,0.717,0.679,1.46485061627702,1.71463769875517,1.21399732218595,1.45930893085987,1.34144792097099,1.53327540832941,1.56981526195156,1.86100923038692,1.36917539333983,1.84282835146942
0.500949194126395,0.6854422078255,0.652299489163518,1.17379743798218,0.658588200747233,0.720401120997777,0.590573025797722,0.881696559866388,0.986895618449792,1.37092721315501,1.82031231675971,4.94831986509815,1.9503910689511,5.03211837399528,1.91947142618392,5.01874279552328,1.90417876972113,4.94397672231114,2.03314083361996,4.99227321556582,5.2021787354111,1.36101324840965,3.99047994565534,1.36134396009477,5.28066717521729,1.32613648029449,3.87984127359204,1.39575032672419,4.41744605052009,1.49420296529922,0.936,0.868,0.862,0.622,0.838,0.758,0.779,0.735,0.749,0.494,1.62575202598529,1.7650995064916,1.52516958603649,1.51107088162669,1.42443822728223,1.53598605228037,1.21649326175981,1.45143831502765,1.73413534998922,1.72061026360928
0.611531584632417,0.884592514657787,0.636594603313948,0.98755040458652,0.544351207032984,0.944179641961999,0.883482478008622,1.54182911361086,0.87507741591874,1.25453239845055,1.92262110313048,5.21727815095242,1.86925454339781,5.13112713501689,1.96027974271788,5.20710107258413,1.97133492775027,5.20768299977427,1.89605857253394,5.03937150550243,216.829187466276,1.32702220625949,198.145591836126,1.77821474299149,293.710986782722,1.56573110016277,180.331421669429,1.52168656154456,255.491058378169,1.46255860849554,0.812,0.734,0.799,0.863,0.796,0.659,0.728,0.42,0.514,0.671,1.49977750520419,1.4344420030683,1.46677931603112,1.60380500535123,1.18899784685413,1.24656133869747,1.5552775497284,1.4119747548162,1.39408819214703,1.54587414057115
0.511222648779982,0.755461046026296,0.511954232671462,0.830850509905221,0.691942949101901,1.16363491970437,0.68312219368616,0.949600996724361,0.792556737461132,1.27171762460514,1.95620886948852,5.14615363365028,1.95547890731927,5.14473702464638,1.9983502965908,5.11453695660909,1.98752030827912,5.11585142912932,1.98566043487586,5.12941565821493,5.18634598380654,1.14393638326069,5.77971642005672,1.08745262451407,5.36907279107006,1.1029430166029,5.8844491102023,1.21105104670961,4.75328994432351,1.19098824508301,0.931,0.846,0.845,0.56,0.847,0.705,0.749,0.672,0.685,0.62,1.49595546255624,1.60963959308458,1.23067844263683,1.31222406682526,1.49869861607517,1.86046996655954,1.07628733824153,1.17561264500867,1.24497779455287,1.50690654081075
0.639147825124347,1.0181017508752,0.601890150014585,0.885903343524631,0.65152533869616,1.04919698276545,0.779557558484921,1.1569567856905,1.17104562646105,1.81704955937569,1.85315684797354,5.09773294926217,1.88923096468983,5.09844835010862,1.91746240655836,5.04367591378529,1.973312363519,5.15736213338387,1.94572993733236,5.03834554320016,3.63150438140266,0.990766073145646,3.37906925354495,0.982244430081528,3.60787697708911,0.97538748783474,3.22198345133278,1.06499069099884,3.51557035113892,1.14665824932135,0.803,0.765,0.773,0.763,0.777,0.693,0.742,0.722,0.483,0.351,1.40917331005027,1.66246873235021,1.24633263003632,1.56475702408794,1.38767618999854,1.6216115842479,1.36219584373049,1.71158940453366,1.38239006342478,1.68115155319025
0.581523381159311,0.945168193278355,0.585572584663405,0.898292998548107,0.531497469433141,0.792428153183893,0.893340130827209,1.39936440085495,0.908565843340937,1.14633433736728,1.76092456656191,4.97642572918666,1.76960427077298,5.02378981421302,1.71908954944127,4.8781817093932,1.80837667236208,4.99589767539922,1.99683491605799,5.21567371732318,3.14591126347381,1.88995879680647,3.2461661352995,1.86494412840305,3.13211061024931,2.15257620363646,3.06990069853835,1.79523418344234,3.247549070774,1.88958987476023,0.891,0.801,0.848,0.783,0.919,0.827,0.732,0.682,0.64,0.505,1.25068503253084,1.45772050776236,1.29654081962135,1.53060063788947,1.36296640817681,1.57293591257621,1.44726425692664,1.36044729918963,1.55767290873873,1.75841670818125
0.436680546252691,0.687384791839809,0.40074381414762,0.685904101851841,0.773105850479775,1.15473684659665,0.600744141200322,0.920098790685634,0.80601926544904,1.36701095601037,1.88308035809026,4.88172576819352,1.8746950384469,4.86165507214525,1.87792086841003,4.94276604774937,1.84761202426379,4.73907613973461,1.94886069226568,4.98711873754508,2.91584647558193,1.10177540925521,3.06260994225155,1.23405082020061,2.94970391663072,1.28674228786342,3.13733151327686,1.28897655546687,3.04132638389699,1.34287959301389,0.96,0.888,0.925,0.793,0.792,0.657,0.848,0.653,0.722,0.553,1.5478773675019,1.57443715627518,1.46590905423211,1.47217574698001,1.93424053107613,2.04200140768709,1.63065778823356,1.67768883697422,1.76183546013276,1.82433949137321
0.563466879293513,0.812129600840413,0.589921979932312,0.839907098774821,0.698941256323048,1.06930797900641,0.777888940181353,1.28875933902121,0.777991502519242,1.17835606734303,1.92584350727634,5.17233880650553,1.91523930907451,5.1896760864545,1.95309135560091,5.20996478729108,1.96807526660131,5.17174470452901,1.87079098173852,4.9086622430827,9.32643421953006,2.74441893558407,8.80313104425267,2.76520457714835,8.87419652118565,3.25056874864958,9.12669270179669,5.51486373962986,8.92761592416659,4.54292979980041,0.9,0.783,0.879,0.811,0.801,0.699,0.622,0.471,0.795,0.685,1.18556102863748,1.44568610816763,1.29937092002394,1.56840565694235,1.38168549200444,1.48865713600284,1.42859970291772,1.60979593791347,1.68472333598844,2.00981522030789
0.584666717536954,0.808563466550223,0.594427910369623,0.70826872671055,0.699117300579165,1.0442972833889,0.83111510169322,1.23748728314124,0.912696634841614,1.29748105677852,1.896651179629,5.07783228215536,1.8462163439078,5.03157962150523,1.88305795659936,5.05493045869199,1.91341579297365,5.03743499245132,1.99559705469056,5.10058623309443,3.61553329826528,17.4109683139581,3.60357623964874,16.1729280279254,3.56438417097888,18.3933394182622,3.60596085850706,16.7290705694783,3.5390279541624,17.7266189883872,0.796,0.811,0.79,0.899,0.726,0.72,0.736,0.64,0.535,0.667,1.3707602390417,1.66864634796392,1.28447990703859,1.62153855135103,1.05931282011396,1.24440018934255,1.34205047557353,1.55187151268778,1.42363941257024,1.94135198738499
0.461780502286218,0.635779905733281,0.55955778255226,0.74756273857036,0.563990807622362,0.735945894158046,0.815140424782743,1.2431804466955,0.993200925748723,1.4932915105248,1.77458418707291,5.00129156372025,1.79876795351272,5.0844009566586,1.73458997649681,4.96675253363977,1.90689413196915,5.03411744027524,1.89457337943251,5.05909431858293,4.20015899713,1.01917644706298,4.21954743432558,1.17390615009014,4.23563734956415,1.24229056667005,4.14553686365699,1.33138550903252,3.6330634168771,1.47477241559045,0.917,0.888,0.89,0.838,0.86,0.801,0.888,0.824,0.587,0.505,1.34801720085721,1.56299318768172,1.48810902880174,1.50641836334659,1.29557303028874,1.4227906789834,1.75381909666934,1.71884767273538,1.68888960688072,1.77500787881846
0.510109827696799,0.897178118431274,0.635616564635918,0.82171428804914,0.695907420419052,1.15958506336383,0.69499419815642,1.1326541149559,1.1517011103668,2.02657992372278,1.82545166637816,5.01877492189507,1.86704065396116,5.11916226000179,1.76224879814692,4.93860720610084,1.877907574623,4.99561795533147,1.87972271170173,5.03887571733742,2.75800984842306,1.1526595371581,2.75994585221188,1.12045620537776,2.61075008094476,1.13947632373963,2.60421408869338,1.1836718951951,2.49007579854197,1.28285203643581,0.883,0.756,0.787,0.767,0.797,0.734,0.593,0.745,0.416,0.332,1.39546236224349,1.59624562269957,1.40893788644371,1.73834728269347,1.33897419259988,1.57649176654065,1.09188470263934,1.68979594758163,1.34523482132328,1.37802866463339
0.692355799175474,0.946545982653982,0.659984672385383,1.08356678673715,0.643499683198144,0.948532441187456,1.04545128439155,1.56020576676654,0.824416967952304,1.24276144263805,1.81919482834372,4.89225617877112,1.84536981602424,4.91713937385339,1.79198775396364,4.85756549873095,1.81382764409348,4.85792948647349,1.8910821877919,4.85629623874913,3.64568741273374,1.88465155927584,3.80796941191939,2.01701209370218,3.63403348053267,2.13705041826634,3.90900881666992,2.15134943267574,3.71923153731592,2.48336204228639,0.891,0.856,0.831,0.711,0.856,0.726,0.675,0.522,0.703,0.659,1.68602088433076,1.73487250858659,1.46757369271815,1.57146169800479,1.44378838761256,1.44629726213135,1.55295211781918,1.43684992181701,1.49377820365927,1.74211014532035
0.549684754523231,1.00647560302688,0.552475655648367,1.03317015311846,0.58120587452702,0.998420324889083,0.716938423448954,1.27143594265589,1.10033353799456,1.95347893170901,1.77176476491964,4.8677501854509,1.81646615499362,4.77068335284716,1.8355238393699,4.89140156473056,1.87623129209826,4.97333866363334,1.97045785378813,4.94105741699092,3.35301742547275,1.42701933579317,3.47598861496164,1.54528331082599,3.34958494781576,1.64091196795806,3.43177908511364,1.62501899619346,3.46696282358116,1.9744541228732,0.876,0.698,0.908,0.641,0.772,0.768,0.719,0.486,0.605,0.484,1.41117626745285,1.33179458042152,1.49015202844866,1.51434310801599,1.37670043761868,1.63290031092711,1.28570583314556,1.65752347417634,1.76152500722076,2.1379779706064
0.63720973231238,0.898768710591045,0.627481442886952,0.879954691557975,0.519955918044734,0.988554735213438,0.814485017352329,1.37912768214134,0.731843474662884,1.1213031544536,1.75737605479474,5.05524189594376,1.85540489860691,5.10553552614068,1.79697762639859,5.03876060873954,1.7794026626438,4.9464428635772,1.80005215462432,5.0033724547565,8.83350139294628,1.21214563862945,7.86680037890975,1.23188438907941,7.99408397852979,1.39990172267174,8.26173320050606,1.1243631389351,9.11168936852167,1.41077865692615,0.885,0.855,0.846,0.828,0.884,0.781,0.638,0.63,0.828,0.732,1.50134237015912,1.68599407736468,1.61838888767024,1.63872241566194,1.33996937709192,1.52969351114131,1.5224091618026,1.96100922320812,1.53987250333828,2.03608061215085
0.511456209886146,0.689930184806877,0.582855705307543,0.835679130367527,0.58549859581724,0.851625451349126,0.644926673037935,1.01183829931578,0.701890929880154,1.33557729174544,1.87425373734096,5.26055810026313,1.86096172673911,5.22150225002502,1.79296770309051,5.1796993489857,1.98051974618025,5.34122038528147,1.91577756373471,5.26619463188898,4.30686437575597,1.45765533644599,4.43835522403351,1.53600775182976,4.30907523546025,1.51522453611166,4.34205853736839,1.44416139678215,4.22068796174048,1.54681081647924,0.851,0.85,0.835,0.749,0.892,0.775,0.797,0.643,0.777,0.69,1.61232701654728,1.67246815709405,1.38483636025183,1.33157843065569,1.3931959332125,1.37384983457771,1.52788280411402,1.65072444613131,1.54196784157474,1.61321705916901
