"bcf_1k_pehe1","bcf_1k_pehe2","bcf_0.5k_pehe1","bcf_0.5k_pehe2","bcf_0.25k_pehe1","bcf_0.25k_pehe2","bcf_0.1k_pehe1","bcf_0.1k_pehe2","bcf_0.05k_pehe1","bcf_0.05k_pehe2","bcf_1k_rmse1","bcf_1k_rmse2","bcf_0.5k_rmse1","bcf_0.5k_rmse2","bcf_0.25k_rmse1","bcf_0.25k_rmse2","bcf_0.1k_rmse1","bcf_0.1k_rmse2","bcf_0.05k_rmse1","bcf_0.05k_rmse2","bcf_1k_mape1","bcf_1k_mape2","bcf_0.5k_mape1","bcf_0.5k_mape2","bcf_0.25k_mape1","bcf_0.25k_mape2","bcf_0.1k_mape1","bcf_0.1k_mape2","bcf_0.05k_mape1","bcf_0.05k_mape2","bcf_1k_tau_951","bcf_1k_tau_952","bcf_0.5k_tau_951","bcf_0.5k_tau_952","bcf_0.25k_tau_951","bcf_0.25k_tau_952","bcf_0.1k_tau_951","bcf_0.1k_tau_952","bcf_0.05k_tau_951","bcf_0.05k_tau_952","bcf_1k_tau_951w","bcf_1k_tau_952w","bcf_0.5k_tau_951w","bcf_0.5k_tau_952w","bcf_0.25k_tau_951w","bcf_0.25k_tau_952w","bcf_0.1k_tau_951w","bcf_0.1k_tau_952w","bcf_0.05k_tau_951w","bcf_0.05k_tau_952w"
0.378105424388008,0.618194040981317,0.584532958668169,0.721631054844707,0.774416053600099,0.858450095265644,0.920804058335146,1.01647138199673,0.328934659965055,0.581350337212358,1.02048341007304,0.971564123087752,1.19868296040262,1.05906534644034,1.34575364945092,1.28580964118222,1.47186629701485,1.50361033736537,0.959570344634014,0.874277258216807,1.2255893349611,1.00575859345309,1.3801774567457,1.12842312512252,1.47296101077101,1.37566409210551,1.50098967472059,1.6284574055636,1.1817414222106,0.905077264001161,0.982,0.986,0.976,0.948,0.93,0.92,0.82,0.89,0.98,0.964,2.40612739341421,2.61340819222055,2.42758976685976,2.86367979683502,2.52717212265063,3.097719464808,2.41236946351286,3.37891245015292,2.24932695377348,2.41497869332797
0.403247507094009,0.613331637978791,0.536779077734258,0.690274262153714,0.815039219939822,0.894895982079006,0.923569139304463,1.03282556420408,0.347805097213383,0.603510615846643,1.05149442235006,1.00353473382811,1.17189468208333,1.12899609690032,1.34279200070075,1.27885368397181,1.46322348150433,1.5095230707199,0.92876178727231,0.891911050651855,1.28899640237687,1.0425373396412,1.35674065084756,1.24969675791361,1.42684129377111,1.47007789915984,1.5049913501731,1.76202450029712,1.12364113470638,0.89778433998223,0.984,0.944,0.978,0.978,0.912,0.912,0.818,0.898,0.982,0.958,2.40326378970218,2.59941516859079,2.49163447348532,2.77423704567477,2.39776009335892,3.18966416200222,2.40965908702062,3.30864411044681,2.30473498476729,2.44416257912546
0.40416373313137,0.666594592268571,0.581907649053759,0.693724648951044,0.792481437186393,0.896817128157235,0.947645305129888,0.983800533487047,0.335844918555607,0.562008043340629,1.02514577601923,0.969981282866713,1.18261212835988,1.08290631658175,1.34648474940628,1.28824844225205,1.5000734347965,1.47325863319447,0.940586166407685,0.892419829631568,1.21341937225459,0.996227370415532,1.36985878669386,1.14782767549468,1.45506456990519,1.41052458472222,1.59025165601078,1.71519093612219,1.14233142675366,0.92516995317076,0.98,0.956,0.98,0.966,0.918,0.914,0.804,0.884,0.98,0.978,2.35964674435177,2.63215096496886,2.50768008105204,2.80466668114207,2.44490942368552,3.09725741289925,2.28502081751032,3.27965303461786,2.27903150781744,2.46229847200186
0.387704116763875,0.614454417304687,0.539334815366003,0.708705049991656,0.78702353535289,0.907078658368357,0.930882357127004,0.995323872265127,0.332206958252361,0.571899304669308,1.06431795998885,0.933886629308579,1.18346057227752,1.09183033567981,1.33235680219087,1.27314466767575,1.46294853623054,1.48963425000322,0.94194091406577,0.871525099426251,1.30488199410675,0.988776851383145,1.38619248458723,1.15984256194065,1.41823284286288,1.41387772031374,1.52053110077195,1.65837239519751,1.17708474442989,0.882914822756031,0.982,0.974,0.98,0.974,0.902,0.902,0.836,0.878,0.982,0.988,2.38842492406075,2.59399205345072,2.45374471217404,2.85972393379585,2.53698885342975,2.93837871135779,2.36992570322884,3.27474582737042,2.2635770384404,2.43590588166471
0.404513393320447,0.574860116719799,0.577378414865606,0.718906796075449,0.795496957607158,0.848484663059651,0.947196598948449,0.980248698370093,0.320012659712169,0.555283269024832,1.02617564609723,0.979121457195623,1.16501496858155,1.10145660401604,1.35790328524523,1.27566904791775,1.4661518446892,1.54391171558969,0.913039599843238,0.846776839812042,1.23432289123951,1.01230856360308,1.3244284032251,1.14893146392338,1.48044937442285,1.4598746517418,1.51983625355355,1.77332649067325,1.08890254504982,0.934246056134558,0.982,0.986,0.976,0.948,0.93,0.948,0.836,0.888,0.98,0.97,2.35042349358466,2.58829854722887,2.40198116650533,2.80363252788692,2.51724170505276,3.11365226037948,2.39425444349361,3.20635188499353,2.30148427999589,2.35511270521792
0.421324796836977,0.622601858346352,0.575257549394927,0.70301675983462,0.766047563173218,0.901518781401958,0.905770612370214,0.991881360282546,0.333943620385748,0.574325286032451,1.04831377184446,0.961968430459093,1.17583742454856,1.06821357529404,1.33985848127916,1.27249286255602,1.43324066405549,1.51211812902687,0.959351294878007,0.88041704795193,1.25410257099071,1.01070014412758,1.35817627584104,1.16405305849553,1.42884951029512,1.47216307093705,1.45308556580844,1.68462324184074,1.20023588464751,0.917471123821847,0.98,0.964,0.974,0.952,0.944,0.926,0.862,0.914,0.98,0.97,2.31522985473668,2.58117858912435,2.43460769564444,2.86582029408902,2.50789007432815,3.00953451566899,2.42087946657337,3.26468031737539,2.25994371971623,2.44111326116757
0.40634732216313,0.631776162709857,0.559057783151284,0.673493603093972,0.834844773116621,0.883901414678333,0.934763586475474,1.01695827170715,0.329311469199818,0.550691445528697,1.06233320817902,0.967342599434528,1.18740974878409,1.11241981333915,1.34562563378076,1.27700507709131,1.46999609107593,1.48972357820166,0.970884296452985,0.906365638517687,1.30261612591342,1.05107348536181,1.39759864440691,1.20777813187469,1.45039912187952,1.46822993149181,1.52822499742769,1.73361357239133,1.21482491631093,0.924422102013452,0.98,0.982,0.976,0.948,0.9,0.926,0.8,0.866,0.984,0.988,2.35861570175781,2.64498927121962,2.51697932950963,2.75412750223246,2.37244294567625,3.1166402185057,2.27242425752193,3.18203010151108,2.24722818839071,2.46038303132807
0.421624645359575,0.608631315937883,0.628916758384252,0.725660740396098,0.777284857474084,0.929621132624379,0.938397444191139,1.04292650764451,0.329674479829953,0.570419276845582,1.03250242246298,0.950728168998494,1.21037030089218,1.08095361927341,1.34516531283666,1.25953339394828,1.46753125929924,1.47838513985366,0.950995726987575,0.885186636530674,1.23689733517778,0.994781071824544,1.36665863157607,1.12103661848648,1.47454672634554,1.43836068076253,1.497304533757,1.69739482741559,1.15386396703038,0.916616966819369,0.98,0.978,0.982,0.958,0.916,0.866,0.81,0.88,0.982,0.952,2.42228872907204,2.56692875847141,2.4732990249701,2.84908311382261,2.49980075070711,3.03651024464493,2.27118614451118,3.34901082136221,2.27915285263175,2.42921008898114
0.411205846547201,0.616170244266229,0.522259842516713,0.7296116110868,0.792157000238047,0.915381629823084,0.928482349059154,0.991566610605432,0.325105048899828,0.551110539227554,1.05442763337045,0.957320542115596,1.14405923838495,1.10453622224903,1.32504236240517,1.29138914296199,1.4765696695631,1.4956829997138,0.962011456324627,0.855713709296321,1.28965945541234,1.00570555829492,1.31811244901662,1.25334045300094,1.43096922354686,1.52607026348543,1.4911244299097,1.87019179270376,1.18791926783015,0.920888137240453,0.98,0.964,0.978,0.944,0.914,0.908,0.822,0.878,0.982,0.974,2.38041343898289,2.61485840789731,2.45326868014809,2.92336444684286,2.47508813948398,3.10047427631827,2.46811951061986,3.17630545839153,2.29260624687572,2.37374458219029
0.408206171523996,0.614724047357328,0.551870768845134,0.698017612512043,0.838754663667566,0.914043466337582,0.942579597132178,1.02229792043959,0.324472611267442,0.583707108958493,1.08676436741418,0.945078470303417,1.16501268645447,1.11873515348238,1.34868037185805,1.27069678794517,1.45549941706706,1.48445173605518,0.944316367521776,0.896394332816928,1.33431637343936,1.0288874700961,1.34271690306583,1.18493494911543,1.45785485107362,1.41835106763793,1.46835573166869,1.6341526396606,1.18270475166214,0.95062634534975,0.98,0.97,0.976,0.98,0.918,0.89,0.786,0.862,0.982,0.956,2.3834151604968,2.68494432339167,2.47982422270992,2.88645786631099,2.49730558394553,2.98138046127792,2.23799914820857,3.18175660221527,2.23245183547647,2.49023189260668
0.399535276568565,0.610156637139366,0.588979180353355,0.707202917609894,0.787294725852942,0.918619705603154,0.907902787452902,1.03399357195366,0.32848857585843,0.575340497328972,1.03919371537837,0.957708487667277,1.18873038352945,1.12406150888995,1.33583324392281,1.27246918447023,1.44426602947741,1.50484589300065,0.959716596091089,0.893199056138303,1.28683377458147,1.04117176548678,1.41940052559537,1.1765585166936,1.45025569252662,1.4076345660146,1.4633580191716,1.71430790956466,1.19082259257722,0.912640165348922,0.98,0.978,0.978,0.952,0.952,0.884,0.85,0.846,0.984,0.986,2.33749140516356,2.63414880716823,2.40568608457017,2.85053047074832,2.50198707164988,2.91692448133996,2.2929501624334,3.14889235744151,2.30275754544823,2.43416773192032
0.403013163975808,0.594132179305103,0.558864135754772,0.711726321625571,0.822218805988939,0.886207420558079,0.928317440873371,1.01428117670666,0.329383336330175,0.557732816370002,1.03527151187288,1.03033870316208,1.18201397523372,1.08123075791707,1.35348787553383,1.31329502552386,1.47153193834022,1.48924505636425,0.914376657046778,0.870632778285082,1.24578920406817,1.05021028431668,1.37159729555996,1.11625001938744,1.48144200006044,1.51498257106405,1.50590190173215,1.75282186993995,1.11395456926647,0.901648947955138,0.982,0.982,0.982,0.934,0.9,0.91,0.814,0.888,0.984,0.98,2.40742571292515,2.60952962957254,2.49785993458933,2.81499400557512,2.39353484937552,2.92062717384071,2.39068860107084,3.26445284786008,2.27661076515976,2.42411411686991
0.397431790139854,0.596276675613114,0.572931560602214,0.736527278627876,0.770860434437645,0.842148393815381,0.928123598812364,1.03778297438834,0.340710024140767,0.562624188495572,1.03507216680591,1.00778742820156,1.18292821062379,1.09282022828476,1.36964100344421,1.30253719671183,1.46267141154998,1.48296808942086,0.938167082768109,0.886047414655558,1.25014803590569,1.04671595276549,1.39820147362094,1.17230113569538,1.52532043175583,1.47769018196734,1.4427686126609,1.7598199320376,1.14735537042624,0.915847291243947,0.98,0.96,0.978,0.952,0.93,0.946,0.824,0.862,0.982,0.982,2.35411625079954,2.54009248987914,2.47490032216373,2.78854775904982,2.51842126849015,2.96025846099098,2.38910575277262,3.2286279912763,2.27847004236391,2.37669515783365
0.403865809834912,0.615214383440874,0.55898860540025,0.749953433203662,0.7770848463401,0.900687328729878,0.91720876395606,1.01954849481489,0.340335893327719,0.562800581360636,1.06192774602972,0.953638291193165,1.14960683601925,1.10454026933301,1.32999146590317,1.27208526152529,1.47398458067031,1.48519121029643,0.956649927263782,0.858525428365117,1.31790092426459,1.02182709617178,1.33335478989931,1.11493790520975,1.43217581630515,1.38841478509472,1.53112586849334,1.73195219127228,1.16875576320329,0.916809957726105,0.982,0.976,0.976,0.954,0.934,0.896,0.842,0.866,0.982,0.982,2.39963956848669,2.53730553247723,2.48527773931059,2.81723104205889,2.47370187693324,3.04816828843486,2.47093144075175,3.11758291616278,2.30573704771658,2.42993488022105
0.40568763214555,0.609548296604835,0.612788162048259,0.694506037784563,0.820684980568531,0.915269077416039,0.937911181602915,1.02215973731441,0.332770794246286,0.572302514050304,1.05525384979172,1.0028945257414,1.20511601918723,1.10136598026699,1.35471281428616,1.28637780940413,1.46385446356805,1.52973786009175,0.954253540859622,0.918750096309542,1.27542529339732,1.0505699180036,1.37179833674701,1.15688194039784,1.45096131363696,1.447060860892,1.50622670575679,1.7951318869203,1.16773028399552,0.959517553485014,0.982,0.982,0.978,0.98,0.918,0.922,0.858,0.852,0.984,0.942,2.45407826049965,2.64386356868773,2.46033080617028,2.80399403064841,2.50092308286339,3.04286882370008,2.37786971592696,3.11180009029444,2.26401455832051,2.43370243791955
0.440066487485481,0.613809110463094,0.593542571393432,0.725409567042247,0.784561162659616,0.869623409446708,0.925919252367194,1.00257377133467,0.336672297425357,0.578558194594733,1.06246021992957,0.988768072470318,1.18492043601641,1.09353055448805,1.34740009555932,1.28228250261466,1.46954776854541,1.50218218815349,0.944672184730088,0.888131317837711,1.2948660683199,1.02249728251594,1.3679592363688,1.17642765982525,1.47916249350165,1.43934697911763,1.50609727218738,1.74148441472348,1.15152802429996,0.930694740576363,0.98,0.986,0.976,0.984,0.922,0.96,0.822,0.918,0.982,0.986,2.37633591321759,2.84737090215475,2.4232195638203,2.81583658460358,2.48853906367199,3.03854580123379,2.3810009071591,3.27467711824141,2.26860784430993,2.45836991863264
0.420645054197123,0.612581782735145,0.572295801914853,0.728623179966188,0.811942805928985,0.887698417186938,0.937176150234295,1.02767844860763,0.337696729596842,0.57712293603954,1.0497009901208,0.955024208348878,1.14785159490036,1.08880506625465,1.34629341208218,1.29176906229847,1.47637393080104,1.51591042032707,0.940423368309317,0.920655560441878,1.2628402532018,1.03599109988134,1.2876497626115,1.19588112921938,1.4709486276667,1.54027964065808,1.51346381523684,1.784452577361,1.16902582470542,0.956574042311027,0.98,0.97,0.978,0.932,0.896,0.936,0.822,0.878,0.982,0.976,2.43987105896324,2.59441140646838,2.48171232688965,2.91527925566322,2.40733616403976,3.09802685695243,2.37539536458146,3.17731427134356,2.26099673503521,2.45208340948093
0.400336961938218,0.628701964458234,0.549675430810908,0.737960468568319,0.792944918014602,0.882597664519447,0.907415680263189,1.05259211956677,0.334504219026227,0.577176681433735,1.03103883088732,0.93165576376154,1.18666205282084,1.11779093772225,1.33261013185189,1.25978614782176,1.46679030939884,1.49068970179348,0.95095852545149,0.885977922529548,1.2408294181601,1.00991023671834,1.36561564896638,1.20366734486889,1.43344780283269,1.4027418367652,1.5187249859919,1.69199985708505,1.16303566882154,0.972179724655593,0.984,0.976,0.98,0.96,0.94,0.936,0.836,0.818,0.982,0.968,2.38206516468536,2.64174828178147,2.52505891952712,2.83250201970608,2.48661609139887,3.12632525714092,2.41411831705291,3.12943732001458,2.26776335166311,2.40142817839184
0.384864099802769,0.626027752941535,0.557355387851467,0.736532044028547,0.756470923819723,0.872409556721511,0.916703343461183,1.06434100360295,0.336963025445155,0.594853717811683,1.02270507790824,0.948479899141822,1.17984209741189,1.11648736567082,1.33545331978748,1.29138391798568,1.47180095731426,1.5052443629089,0.944600421825205,0.900133297692876,1.23246191316694,0.950232138453035,1.3490824683374,1.21727976046493,1.48694425475676,1.45999768561455,1.48492461008679,1.79057544447108,1.16418806971931,0.938873461416696,0.98,0.978,0.976,0.952,0.946,0.93,0.826,0.874,0.982,0.934,2.34393211791184,2.58937543979769,2.50407443661649,2.92745025106222,2.46507814143169,2.97435779309234,2.41163179510404,3.4455818676546,2.23826716205708,2.43461682602901
0.403711083649071,0.614953424774638,0.536806542905375,0.733308127325887,0.76649090561133,0.895435455101986,0.92644702108883,1.01578513586414,0.342394278340126,0.589650584068971,1.04436719169445,0.977223848372545,1.15856989718898,1.07958251890917,1.32313254940645,1.28130124166706,1.45691946587391,1.52535519109073,0.936481833552683,0.865521313423807,1.26092627767885,0.990413012471916,1.31817259218434,1.16171282657388,1.4200379235464,1.43290231122193,1.46037963501411,1.77764333957622,1.13959840747166,0.904004288899431,0.982,0.956,0.986,0.978,0.922,0.91,0.808,0.876,0.98,0.992,2.3222887932035,2.6172784360756,2.51976136730238,2.89014753096623,2.49270683004089,3.01736694119253,2.22798269060298,3.28968338837251,2.26993278539193,2.46159605381269
0.398253665759657,0.621903196452607,0.589832320754435,0.733693574741616,0.754773446547434,0.883265049334593,0.955064927212359,0.990486919750147,0.332271110038158,0.543657280736741,1.04049452906372,0.959688309686163,1.18988985252702,1.11381041582136,1.32236727123431,1.27229312213832,1.46407196501993,1.49343950078094,0.946004196032438,0.843144713959418,1.25498220081756,1.04044227245461,1.39854194501893,1.1699448225941,1.42725988305246,1.43184176521021,1.48327608523624,1.65589934578398,1.1595288330159,0.921099971735088,0.982,0.966,0.976,0.954,0.93,0.912,0.796,0.88,0.982,0.986,2.39294408492516,2.55988402082316,2.46404885930269,2.761165608654,2.52423403912981,3.04972040947533,2.30330921361684,3.12302989541945,2.24839689213334,2.37161150683866
0.383584733361783,0.617017536522692,0.56389127664315,0.698281554321811,0.746460067826959,0.895075177521922,0.953822506865933,1.00973967794311,0.318931341485989,0.550238762161213,1.03861434863984,0.954817788690801,1.22514930987686,1.12800746149777,1.32564337293759,1.26717610796627,1.46874900358368,1.49596188323562,0.951687239486413,0.889674218847882,1.25517552974975,0.972839393831705,1.44289131114611,1.16843539440089,1.43545364347278,1.44661989103489,1.50457919052762,1.79657222753465,1.19303481234989,0.913222932451878,0.984,0.974,0.98,0.97,0.932,0.904,0.808,0.9,0.992,0.982,2.40347454078727,2.62984545188405,2.51283930161534,2.88765744365053,2.48066747678652,3.0952518279909,2.29934391996156,3.23690361982884,2.2571999752443,2.4111068024031
0.413042219097505,0.594256514837104,0.55875172814007,0.732256885982723,0.739840611713078,0.889229462916864,0.916578931942035,0.985246440663947,0.334811278900209,0.577277938556489,1.04957421682577,0.958242990799446,1.21936889257093,1.09622054073448,1.33021086287632,1.27172512032359,1.47341330760072,1.46697600754033,0.939268829443051,0.905914246914318,1.26907602576355,0.991236615160222,1.43556499565662,1.17414636315582,1.45994277384356,1.4983166576788,1.48532213150261,1.654296123553,1.13000438405501,0.928818300544261,0.98,0.97,0.972,0.944,0.936,0.928,0.818,0.888,0.982,0.97,2.41374963912058,2.61147018563921,2.52604925765515,2.88961722735764,2.56424290492869,3.18006833164093,2.34578671578193,3.1441289834457,2.25393441941663,2.40257008639412
0.4068771084327,0.622797948936601,0.575575087644697,0.740131049117359,0.762633130529616,0.891096511810823,0.924336632246967,1.03728272100818,0.329914892202915,0.570787454982645,1.04457203584606,0.965611148947887,1.18628758017051,1.09388029444837,1.36990707129982,1.27226187123612,1.4777602777023,1.54045260602833,0.956568829970764,0.898724308431135,1.27656993676818,0.999696654414454,1.37216904433753,1.18433949512304,1.51178293625153,1.38589503627106,1.53038038106815,1.81505504876172,1.19167877042407,0.905707582106759,0.98,0.962,0.98,0.942,0.926,0.91,0.826,0.87,0.982,0.956,2.37251473722693,2.59753561517903,2.51297777074575,2.90181615910647,2.50347007391745,3.08138532588199,2.3427141343897,3.29524457494457,2.24229135138879,2.38837850595254
0.402562674778979,0.631882735064541,0.566471576121239,0.720004064806727,0.785750934778874,0.892952122063038,0.923282647703463,1.01631340074954,0.327314124637588,0.557190824443217,1.04102369989197,0.972794903981932,1.1576157413441,1.08339779592367,1.34814044527859,1.29755050878995,1.44843238264716,1.5100878609724,0.94532799271709,0.878838073833059,1.28011371354026,1.05614551589677,1.34448032012877,1.21529499847024,1.46929498417636,1.39709722008382,1.49904950677881,1.77838966893617,1.16430520968171,0.941933551727583,0.98,0.986,0.976,0.952,0.91,0.922,0.804,0.886,0.98,0.962,2.35903461012822,2.70316298680381,2.46453292547938,2.85738729393191,2.39778549221479,3.0280833213256,2.31410569383085,3.31405715746855,2.24856824517415,2.42101869396544
0.389797198924369,0.592816630812725,0.548646566647805,0.705244077518872,0.768744248017133,0.910947892999711,0.907268682797073,0.995761340184677,0.322438746146269,0.589796098968562,1.07908195377077,1.0027175664573,1.15836018512529,1.08128520961156,1.32006891919645,1.31882816000515,1.48354819474218,1.49709792117736,0.939057860867806,0.911487882340394,1.35206254358049,1.04478582360871,1.3234906321385,1.16293762848239,1.38236824687665,1.47564145840334,1.542628532893,1.73635844542085,1.12959714397972,0.931031435672295,0.982,0.978,0.974,0.954,0.942,0.922,0.83,0.89,0.982,0.966,2.36519118377203,2.61682931975972,2.46642858303983,2.84623316716113,2.5935069891553,3.06633523903851,2.35955341971652,3.16885482426249,2.28772981778729,2.40459975513331
0.416127799985302,0.607128602592785,0.551660393632252,0.724046619252789,0.788032466857074,0.860381345216723,0.913009959429694,1.02149746258746,0.352101964054979,0.564440466471252,1.02030711270328,0.970019774757168,1.18267222041904,1.1021851192082,1.35071907124543,1.27447265510778,1.4642366784036,1.4973145086963,0.968570376058451,0.901042251348489,1.20863468723612,0.989676781261051,1.41388555954373,1.18209213346938,1.47504553647339,1.408667841287,1.55371286964899,1.78836608911077,1.20465367683202,0.892634556898895,0.98,0.962,0.972,0.956,0.926,0.926,0.85,0.862,0.982,0.964,2.42046855349373,2.56482774378171,2.46602054285402,2.78931816977653,2.52312650484564,3.04022225671471,2.38236733311946,3.167015397912,2.25924912366977,2.36327020537228
0.393535015030587,0.646941521440819,0.555700148723685,0.721598080345591,0.795941066974634,0.894329772410139,0.948043043075086,1.030509024746,0.331957914249925,0.557807804588236,1.03866256708684,0.952036317505546,1.16941789128371,1.11028023429664,1.35602727620641,1.31219977392908,1.48213592133046,1.48817566920116,0.94152555107875,0.87494910628763,1.24907193535845,1.01018188534496,1.35342251254013,1.18448433795958,1.47361342240134,1.46190760449546,1.50904609591444,1.68115758425872,1.16338537474524,0.911547602136166,0.98,0.978,0.978,0.948,0.904,0.888,0.804,0.9,0.98,0.982,2.39936461434345,2.57377750799545,2.4731076624577,2.85031960505038,2.40190154319561,3.04444258390394,2.3647066649765,3.3096234287642,2.26844168502226,2.3943774974282
0.394667993365883,0.594613857246665,0.569932957944143,0.721463134466793,0.779104498779436,0.884109100673631,0.934314945148811,0.987720504186269,0.303435481432881,0.562222165863748,1.03502068603894,0.961518128651738,1.18164624684551,1.07874693793722,1.3320006563688,1.28083689568095,1.4547543920823,1.53195672123161,0.94692368794926,0.866452501918564,1.22420798424127,1.00334002764759,1.39984179631267,1.15684413802855,1.44666437131644,1.49858395137181,1.50447855062979,1.78366588469763,1.17651150331411,0.902371871038257,0.982,0.984,0.98,0.964,0.924,0.912,0.842,0.9,0.982,0.984,2.41298598552516,2.60537285282103,2.49346513268594,2.78493138293314,2.51343617423796,3.03453416507798,2.42986808416873,3.31890506265793,2.22811403549229,2.44551241770878
0.402098924403082,0.605510176355319,0.581782020504216,0.731597575382351,0.771777030108011,0.858874919049898,0.930716561365783,1.03913528189147,0.326065270401505,0.57154456244644,1.04845713792567,0.951401208023464,1.20019798937956,1.11832456085958,1.34904700441091,1.2636426660646,1.45747274429523,1.49103971365296,0.93850053177641,0.892456705328177,1.25428512190182,1.030365711035,1.35825074853612,1.22179679880968,1.48694478642361,1.41405608372936,1.47617291292147,1.74919519617664,1.16331268942446,0.933472096984008,0.988,0.99,0.974,0.93,0.948,0.926,0.824,0.876,0.982,0.97,2.4362757199752,2.52781322230882,2.50292318206376,2.78748968426154,2.58811307907873,2.9738610632513,2.32627763332516,3.26813877060624,2.2770262744385,2.46519653374153
0.414710389339768,0.594435745103087,0.58373760622303,0.707066091387565,0.796936502475646,0.892516714096559,0.927461290812253,0.989771277524035,0.322547657244822,0.58646106590301,1.04848431850149,0.994375075787229,1.1850750230101,1.09553506807927,1.35165387257309,1.30691894999426,1.48190518104236,1.50402516876227,0.939999348459066,0.880173395917887,1.29124585598689,1.05484422670941,1.38158912325135,1.18419889776729,1.46127641867009,1.46296329952277,1.54646815225084,1.74216953082677,1.17435340512572,0.927768285297495,0.98,0.99,0.982,0.98,0.928,0.902,0.842,0.884,0.98,0.974,2.36456899980098,2.62050834379416,2.52865311273768,2.82198817495166,2.48947364771431,3.03713816548561,2.2842732974535,3.21544722720686,2.24071470714451,2.41777809262189
0.433653360810959,0.617575619335143,0.529529353414222,0.708284000816497,0.799201962576751,0.894141657733914,0.894172724801033,1.0068789473208,0.325737413225807,0.572548316854266,1.00338257998399,0.961852941203329,1.16517232696397,1.08051370170695,1.37145056655039,1.29060220506207,1.45323198788956,1.49066306496355,0.938225202687331,0.870966423540881,1.14205026380022,1.01110069341584,1.33280744357402,1.16675775551298,1.50406426226609,1.51753002354763,1.50734887824664,1.77682661133191,1.15342334242886,0.907211841421064,0.98,0.964,0.984,0.934,0.924,0.902,0.858,0.91,0.982,0.974,2.39945099856631,2.5637006699714,2.51912505300568,2.81207290360403,2.44473151300313,3.03200966184285,2.45659362809585,3.24467715893239,2.24640191853898,2.41396774141981
0.403012163187306,0.613174347281717,0.567749570853883,0.718509055513501,0.819388315285998,0.91672664685283,0.917409693013884,0.995753189413404,0.313442921807304,0.561610192624601,1.03051149478612,0.963276462017442,1.18873844110437,1.11800496632533,1.35413562404643,1.27095616048682,1.46939690458872,1.50268248924628,0.941486334046976,0.913320120368585,1.23172047065301,1.0460651526809,1.34744572652365,1.14487672194419,1.44853744574932,1.43511351541484,1.50770605799433,1.75654183527794,1.17824354871539,0.904697738185254,0.982,0.968,0.984,0.968,0.908,0.9,0.828,0.888,0.982,0.976,2.37764060368601,2.53066026490717,2.49623933156025,2.83090226493627,2.38216658562831,3.05475150021449,2.38156665188652,3.23455263852467,2.24211797615528,2.45923721052388
0.424351297490425,0.610167813593677,0.583807355923252,0.715997722114197,0.764711149980331,0.927543525708028,0.946039787481951,0.995998634990254,0.336475755715061,0.562103531459545,1.0802456877796,0.982318597833142,1.18912844015086,1.11329495302803,1.34181569669896,1.29793949038826,1.47170718491736,1.47920546330403,0.969763805144116,0.867588819534038,1.29629870466901,0.98847450749049,1.38855490358575,1.18602631783005,1.46137204369482,1.40750600661005,1.50256083459627,1.78371112976874,1.20318832796155,0.890817922055074,0.98,0.954,0.978,0.952,0.932,0.882,0.782,0.892,0.98,0.978,2.37082930130192,2.56591635607104,2.48675076255448,2.76292951781053,2.44780451084424,3.02174103360403,2.31704752485691,3.22444130222605,2.24260675523982,2.37657999773626
0.396147258047219,0.624106051028751,0.548418362879939,0.725871179928423,0.776576972130721,0.893655506431078,0.927954939266647,0.97546390781292,0.319806319686814,0.561959537099829,1.03349594046158,0.964865472087511,1.16968892332885,1.11672814354369,1.31865135669512,1.26971519251328,1.46204962030849,1.48694070359018,0.941055477383499,0.893156797798901,1.25537943371318,0.998557216753415,1.34496417829161,1.17746926791577,1.44508335010495,1.47553801280779,1.49436567017761,1.84633520401871,1.15959154246899,0.932420751741092,0.982,0.978,0.976,0.968,0.916,0.88,0.842,0.896,0.984,0.984,2.37724459521721,2.59816103045791,2.46522345487023,2.74709924631048,2.4171912829074,2.97173115081879,2.38739461234202,3.1732116526811,2.22714554195205,2.46425003181483
0.409128269839854,0.641011253723159,0.57398269645338,0.744859959850124,0.811953648995472,0.89460326528995,0.950374235051727,0.998792967120538,0.343882069127063,0.543283479104973,1.05424044431786,0.995990145088952,1.17053655203259,1.10300019765194,1.3585084610661,1.2860124911503,1.47057051847002,1.50274807734723,0.942226097096187,0.890150833001319,1.27873729569386,1.01404581811755,1.35132100941741,1.18102721938607,1.48631273834318,1.3824843743588,1.4966418661406,1.65946392340027,1.14559087595702,0.907629864284235,0.982,0.962,0.98,0.93,0.882,0.896,0.798,0.87,0.982,0.988,2.40592401704998,2.62358144462223,2.54113575650814,2.82952991579041,2.44884445294362,2.91556081353195,2.34342223534699,3.14341598573104,2.28007582202648,2.42392476353738
0.408236101567712,0.579907015600875,0.541900355886285,0.730756185519741,0.822685147491088,0.888047463890715,0.893373204992246,0.99978043689704,0.344017931475246,0.573373089852888,1.04594517733927,0.971917721636529,1.19542720473002,1.06848327706818,1.36532265228148,1.28779351831494,1.45196921561464,1.50163429999171,0.975625605572319,0.882900986168627,1.25072506950636,1.00565487895033,1.37824130068111,1.20272094823481,1.50022222556562,1.40955841631294,1.48551661045543,1.84825668858032,1.2264380776196,0.899096088847241,0.98,0.978,0.982,0.956,0.914,0.896,0.89,0.866,0.982,0.986,2.39898709137432,2.60227726967762,2.59144814800257,2.85126504338563,2.44238224465209,2.94739584173999,2.44719328612534,3.0880231514626,2.26711859907956,2.46051846639583
0.412094712182965,0.630797245219513,0.552200655048688,0.709560379954379,0.789967123536286,0.846009559777761,0.934846100830087,1.02262612961537,0.323118446094831,0.584160336597407,1.04782441187528,0.94951614212755,1.1720840412478,1.08637987240518,1.3444369043293,1.28357642005196,1.47090817158543,1.48351270920451,0.972075060773782,0.832574482602966,1.2878689945772,1.00048193930722,1.36129408570045,1.08357188365948,1.47595871517216,1.43968836845205,1.4838545254268,1.60884115888382,1.18792539278244,0.898264263163535,0.982,0.974,0.972,0.95,0.884,0.966,0.796,0.896,0.982,0.978,2.40709432006792,2.5996353565162,2.42150070305865,2.83312961077231,2.43434380233119,3.12845279269502,2.29781498870392,3.1936061481516,2.25720223595822,2.42462571880747
0.40171242807564,0.62243144088687,0.57631758656192,0.738847819885101,0.826254454351935,0.902497871639218,0.923925028652234,1.03898893521199,0.329094674627832,0.579198839757592,1.03585291899809,0.950118992958361,1.14630200217741,1.11097023363148,1.35330652552063,1.30748461315108,1.46978498824108,1.50538952603778,0.921958704687973,0.885084268060433,1.24756324594559,1.04246513445595,1.30662172529096,1.24808148455657,1.45219041175225,1.44159295480618,1.52376365119064,1.7552113345779,1.10977170474144,0.900278099836573,0.98,0.986,0.974,0.978,0.884,0.93,0.824,0.83,0.98,0.964,2.37132951460617,2.59711952193403,2.46016450063187,2.88336474397045,2.36521579209406,3.11629879533552,2.33667928907432,3.22437623176837,2.27994336458625,2.45397898248283
0.41752915480776,0.608778217605429,0.590521835443296,0.67243270043856,0.815501660826614,0.898936715681537,0.940324201890548,1.03797614968336,0.319342003157397,0.562509920476329,1.06261978920746,0.948541094306865,1.19311187217254,1.09421854152056,1.36489732488205,1.26890277117251,1.47266731735072,1.49619265362232,0.916911749628464,0.870995888342261,1.30169531378385,0.976939389106907,1.38186782373562,1.14686312295228,1.49529436699661,1.40696096305437,1.50450570233901,1.68774291431173,1.1293277277701,0.898735008682524,0.98,0.984,0.974,0.956,0.924,0.894,0.852,0.856,0.984,0.97,2.42927393713259,2.57096803585957,2.45570808925468,2.77287924568817,2.50158606125616,3.16632041974601,2.36897405486145,3.289055874782,2.2859632974652,2.41687669981961
0.412315219751655,0.610854987087845,0.563085756307003,0.703244542293469,0.786554091242788,0.876253321061077,0.920356242571749,1.00795205077253,0.326292821001783,0.561655746084949,1.05407518215374,0.958870125236981,1.19509682872358,1.10809362529201,1.3451310175593,1.27655203018014,1.45864361615618,1.52327442277775,0.920957532345515,0.869581494531856,1.2827391981058,0.98134322181734,1.39162522481634,1.18841776061844,1.47920361723766,1.37032773667579,1.47166536966788,1.69679589993162,1.10139146983221,0.879013397270466,0.98,0.982,0.974,0.95,0.916,0.936,0.854,0.862,0.98,0.982,2.36262131124856,2.55808985793426,2.50411374960365,2.8399260425232,2.44870163211386,3.1533443205817,2.38684052777106,3.1350510391598,2.22434233765485,2.38041071602267
0.427092523441946,0.611989944558614,0.571848314311397,0.72850504733527,0.804698808982455,0.915819092297467,0.916276697914817,1.04492956682195,0.338464837994877,0.578543716795215,1.049233568405,0.966670100615187,1.19127256219584,1.08809882869868,1.35531880858006,1.30266728305806,1.46542761221922,1.50397583724754,0.914699617421303,0.871853529251901,1.26564265936268,1.02164210580878,1.3658763019738,1.17687214634887,1.46518357002197,1.40956298876372,1.48986984924511,1.6925687772704,1.08390170075576,0.881779743279976,0.98,0.956,0.98,0.952,0.906,0.9,0.834,0.882,0.984,0.986,2.40811393313553,2.5695754891351,2.4452897906489,2.84220983655969,2.4163989630883,3.05883956927276,2.36058561232909,3.36602345597931,2.2912558089281,2.45392190791391
0.418275570089459,0.628958946177794,0.58156645118361,0.720486977162231,0.802167229173344,0.888520967157533,0.936696996676546,0.996828060881224,0.346823531727892,0.557907257659989,1.04033518440982,0.947646415072633,1.18183498730931,1.09954365379946,1.32463521919725,1.27914511850124,1.4560515947048,1.46008298677459,0.961160923452041,0.854606368814233,1.24418228240442,1.04367108712898,1.32073609240409,1.16954399547402,1.41825831229554,1.47153942922537,1.51599902254252,1.71446942609469,1.16271856418123,0.943470695362787,0.982,0.98,0.98,0.954,0.892,0.95,0.854,0.854,0.986,0.976,2.39765607182632,2.57675803862428,2.54757874409167,2.70542422755715,2.36631134318462,3.20032615557579,2.42787735275118,3.14750061629358,2.31340369720681,2.46921237994156
0.414437676856571,0.609374005247413,0.540190883320292,0.725671532093167,0.811456049014393,0.922735771906123,0.922248777642574,0.9976705937297,0.324653678310613,0.545517269083481,1.01092108232585,0.962126216965001,1.1919442653182,1.10131921591624,1.35901055194368,1.30297850256598,1.45137404774153,1.5033777538427,0.902833975240735,0.901736360844735,1.22690962931966,1.02222523667338,1.37310802183067,1.18039625955213,1.48229396408774,1.42256209585254,1.47524681286375,1.72309074036343,1.07347864000587,0.95138173966092,0.978,0.982,0.98,0.966,0.888,0.926,0.84,0.84,0.982,0.982,2.36320176687213,2.57040421675697,2.5196446188555,2.85034590107678,2.47737067429152,3.1526449213332,2.42251923588853,3.11891160653481,2.26214485618648,2.43270524706323
0.406249277681509,0.594518451783669,0.581122201320435,0.733689907824043,0.789662322315507,0.916009208811085,0.949746626484471,1.01809302903615,0.329762737377429,0.569312733260929,1.04711663409754,0.960905384299013,1.1963330920381,1.14640284579977,1.37616053937052,1.30696876755301,1.48431202756599,1.45991765593917,0.945827623755946,0.904947929164343,1.24115399464827,1.0188592685976,1.40193468115436,1.2511049604936,1.48510549266081,1.36219326268749,1.55558837499458,1.73135723057449,1.15105583053736,0.969228405095384,0.982,0.966,0.97,0.93,0.936,0.898,0.81,0.874,0.98,0.984,2.36171266841788,2.5270533983117,2.48033114882496,2.79075241838513,2.48774669451841,3.09483681691097,2.33876634233199,3.23662701084165,2.23200586484609,2.43739681731491
0.410646391313966,0.621844742936804,0.579541801797755,0.710130519894042,0.756962771913927,0.88209040704468,0.902434525458754,1.00233636697198,0.339174641437688,0.563208664278823,1.0521701492278,0.981636881872088,1.18611432858488,1.12861499211077,1.34381516600832,1.28882874092259,1.47924445703016,1.50097877062042,0.984964576292172,0.887907080951995,1.24532544069465,1.02350672298019,1.36697327912217,1.18305463019121,1.47226043031913,1.42941784208985,1.51098141713157,1.7356828179354,1.21112571001189,0.93559405746585,0.98,0.966,0.976,0.974,0.922,0.906,0.838,0.866,0.982,0.976,2.40470735638606,2.61587303331485,2.44200083625695,2.94833713410974,2.50800144458687,3.0397172527441,2.41754221997509,3.1410043343218,2.26915818969052,2.39978976373298
0.408087165464603,0.646776304328722,0.574792818405952,0.706037874289927,0.800508279893546,0.875060175121895,0.935037697176517,1.02589062557031,0.327496382980434,0.568457261421141,1.00608901014317,0.979580934800809,1.18219030154378,1.09769109001672,1.33213453537597,1.28257355718219,1.46133520489934,1.49580160451746,0.935807023902404,0.88290518355831,1.21032418179319,1.05284771269742,1.37175967768086,1.19960724747657,1.44524963030267,1.39306400070022,1.49974288204348,1.73237776684166,1.13566664051166,0.917418942570735,0.984,0.986,0.976,0.962,0.896,0.922,0.834,0.898,0.986,0.978,2.39139631178982,2.64645459019717,2.49259916282929,2.79775590837652,2.38040594688509,3.15237776716167,2.40297274462758,3.39731766636042,2.23032893612804,2.39538958125817
0.417438354862257,0.605692807360384,0.543165033711705,0.715698826638928,0.79409770515287,0.891624337818705,0.89005357301871,1.04063737285111,0.330343371701687,0.578939458345387,1.04144369925679,0.960680515560555,1.19561644392479,1.08494964992708,1.35733101578483,1.27058482741261,1.45647137944591,1.50364026370255,0.934301825155754,0.879198119641969,1.248485697272,1.0186661972787,1.39174658088013,1.19614085832403,1.48473309441082,1.40085731898425,1.49899009236399,1.67597557695511,1.1645453627403,0.916358292239025,0.982,0.954,0.98,0.956,0.926,0.902,0.824,0.856,0.982,0.978,2.35165702161615,2.55216615587009,2.50146043775819,2.83791720621018,2.53426003410158,2.98647002157556,2.4077608067706,3.37841920540677,2.31370421550143,2.47384658699568
0.410987358709936,0.603641861614673,0.572343157120294,0.697575793729576,0.764983792105302,0.930767985575021,0.918020829446043,0.965256040977306,0.333586534432685,0.604550138364749,1.07741214715769,0.943259258814174,1.16965283779573,1.07733734797566,1.31799347869749,1.28649607550925,1.45518648761834,1.48150754780714,0.956490140170368,0.884406555284693,1.3390046058733,0.98162728143825,1.31148671908811,1.17675814789044,1.39467562844644,1.44468004921297,1.50297378489544,1.66051759670646,1.17406893810649,0.935083310794358,0.98,0.97,0.978,0.972,0.942,0.912,0.85,0.894,0.98,0.974,2.37132022037694,2.61528034312115,2.48234638048959,2.83673241337848,2.59143780552513,3.14209418253377,2.35796950330604,3.13862791460707,2.26783810237269,2.45384897994794
0.40402899549808,0.622692458899338,0.560462007857285,0.714485447027489,0.798732292399271,0.89121626542338,0.948243983599693,1.03712656655966,0.334488316383667,0.575308712394174,1.04390069455243,1.00207544713276,1.17149534684926,1.08784674652025,1.35445038501854,1.29179199296431,1.46132805563379,1.50997867561087,0.97493915239088,0.89131188065498,1.26816794925395,0.990488720173056,1.33969956965846,1.15329907860109,1.45665578729395,1.40455407741368,1.4809937686392,1.71190231805062,1.21810692935988,0.906073163749789,0.98,0.978,0.978,0.952,0.93,0.914,0.776,0.87,0.982,0.976,2.41625261706141,2.61045920968532,2.50679002391725,2.79470551242795,2.52205138871722,3.07587882049667,2.33716885060966,3.25400397884891,2.25916995302658,2.36263901798193
0.411974075665449,0.63984863209034,0.545081945521837,0.732366930990395,0.761796683938886,0.890204729065988,0.926505967985007,1.02015368800843,0.328778730153939,0.577776408484799,1.0605356052625,0.988045296123461,1.21194228076493,1.1155791548188,1.34899582890836,1.28838600110983,1.477040280298,1.48312977587204,0.948205158744987,0.873784115483469,1.30498564175676,1.03216128077754,1.45588922058284,1.22304055278061,1.48908337621306,1.43112475895859,1.4695298166338,1.74145870532202,1.17047925705076,0.926070365449249,0.98,0.968,0.978,0.954,0.936,0.904,0.854,0.904,0.982,0.966,2.42258898927687,2.61082421801525,2.53510122086426,2.8591075410998,2.55894164969615,3.05713718935518,2.45161524191394,3.30313751117741,2.31585500329797,2.43718351341545
0.394810912788152,0.598821333740955,0.558494079663835,0.735038548922103,0.836747282277579,0.898417506551123,0.937007913782361,1.01416816325418,0.329501704900939,0.575260442394273,1.0223510873352,0.993984363795185,1.15777102455521,1.11076527216184,1.35932854463279,1.26258147966591,1.45538416894454,1.48302914301381,0.968761498646437,0.874372544887405,1.21249435589709,1.06526382235082,1.34282264571925,1.13709999360391,1.45943653874915,1.49393414713066,1.47381528386888,1.69766575015741,1.1827093055151,0.905609670505077,0.98,0.968,0.976,0.96,0.882,0.908,0.794,0.89,0.988,0.97,2.35772889687891,2.61610866230221,2.4928944214387,2.85125515801834,2.43684127904491,3.02897495963821,2.26756759778952,3.26924969548094,2.28996413821114,2.44805499604707
0.4041542743358,0.668169515708309,0.562457985191123,0.696361703502011,0.776354021435473,0.89643695615889,0.923403850283541,1.03993839192219,0.322345995912881,0.555868382914859,1.04675770433003,0.993715240117999,1.18507975284499,1.10227704948827,1.3246431474645,1.27769357299032,1.47077694008919,1.50823672084055,0.923485503008369,0.865982810113707,1.24326420905386,1.02540878843966,1.39105932266363,1.22017089566085,1.42956258137848,1.48732836872439,1.50872316916881,1.77364880273818,1.11018609060307,0.950782371255078,0.986,0.958,0.976,0.956,0.938,0.894,0.806,0.862,0.982,0.99,2.3996044299829,2.64353850958331,2.48558122564284,2.79488311547979,2.5487317808978,2.98315514585733,2.23071135351322,3.17438775102233,2.26230799410696,2.42583504711404
0.397632077940284,0.605300483508695,0.564730237958307,0.715175044256766,0.799863150330001,0.895913254245529,0.925426592164693,1.00758382880337,0.340285315588671,0.5537067505185,1.03225930682391,0.961838254812976,1.20532953788979,1.07430554280264,1.3344396846695,1.27959025874901,1.45038930748335,1.49681296540271,0.971137407514736,0.904184282571836,1.25240170453746,0.990436351983065,1.40774962307574,1.15418035210063,1.459054739953,1.38919824739837,1.47533374252305,1.76407714249233,1.22119756397932,0.973332677097267,0.98,0.988,0.978,0.96,0.9,0.928,0.844,0.878,0.98,0.984,2.36079601024263,2.57207945432024,2.43903659377049,2.74850358980498,2.45205045813502,3.01290375992817,2.42348286486842,3.10142281418723,2.27182483354101,2.43247468766194
0.418423834829765,0.591513285487527,0.535609151467474,0.732156563936664,0.796984701176722,0.911955636856188,0.926854621734261,1.03891431528586,0.322080175236712,0.57708656079817,1.03674130398112,0.967606113944798,1.19492480941704,1.06917563385032,1.35673594872932,1.26781347410514,1.46702608841683,1.44683447779066,0.95208014107804,0.905426512052317,1.22685547574325,1.01840663192356,1.36964918583577,1.18079358432556,1.46706708913309,1.41434064083331,1.52273980422828,1.65306012414265,1.18266700523557,0.905758254359885,0.986,0.958,0.976,0.938,0.944,0.868,0.856,0.88,0.98,0.99,2.41768619995073,2.58592004207853,2.51272514973152,2.78974342976903,2.55198032289654,3.00754147444434,2.4430647237262,3.27983866361435,2.27769636919839,2.46349673707545
0.403130194453041,0.642704078595569,0.584800638017189,0.707580253738691,0.774843652667506,0.869785367551645,0.922034560872047,1.0224331081104,0.336306486506738,0.600346935942371,1.04948779164951,0.974948032043742,1.17330739915279,1.11307267312405,1.33586931817488,1.27412441447142,1.45375564964017,1.51096487496349,0.956623635679302,0.866426353454255,1.28700231848158,0.993523898204316,1.33847840166808,1.21241886286278,1.4542571407845,1.47282274644285,1.45762061835849,1.74781945650696,1.18484354852311,0.903359951929117,0.98,0.958,0.978,0.978,0.944,0.906,0.794,0.908,0.982,0.942,2.36148998661891,2.59567329801248,2.43943982466873,2.89468639180417,2.49920543137261,2.93854344161491,2.31745854251497,3.38068674677358,2.26562907255313,2.4081530900034
0.386893374666394,0.611930013005353,0.560319517433905,0.748579123738553,0.814941295887932,0.862252908132976,0.936463071795266,0.999698049442634,0.334937265915475,0.572043262107685,1.01819799412306,0.966039528517856,1.16150230180305,1.08516979709506,1.33927125269804,1.26892954462656,1.50185688680031,1.51445143213472,0.968943402560329,0.857315966531662,1.22853977322164,0.995321412747138,1.32028659628594,1.12342757981835,1.44206981490646,1.37320339298249,1.54799547042437,1.68731133871614,1.18080237420094,0.90757774772749,0.98,0.974,0.978,0.956,0.902,0.912,0.83,0.898,0.982,0.986,2.39607538818395,2.65631528965826,2.44273938459568,2.95434160070354,2.53086828188618,2.9666127065246,2.34999693446813,3.3096079537551,2.25747401465574,2.43734196318208
0.412904569076082,0.619768842994395,0.579410679387982,0.724203210330721,0.755886897543742,0.890960918647146,0.938157732820407,1.02320085014889,0.342441819426751,0.558591452638625,1.03923731280904,0.988564643470386,1.1772174054729,1.06974301679836,1.33593145256805,1.30810776958826,1.47628356980941,1.51744201013977,0.947766451203564,0.897691480581186,1.26500066666398,1.02935651269247,1.36871101106171,1.15486709838682,1.46730988038973,1.4495483188317,1.50272305135742,1.69864939210696,1.14215165568177,0.930858862114949,0.978,0.982,0.974,0.982,0.948,0.91,0.794,0.9,0.98,0.976,2.40813012029732,2.65170935493858,2.48523876187971,2.85644283464226,2.57277381093747,3.07403036925182,2.20205069780405,3.31698637524303,2.25758235225329,2.44540427243009
0.382715644202336,0.596046626827251,0.576092038921666,0.687042223230262,0.79294932953251,0.920068081786867,0.906937471576394,0.985958587352704,0.355771256955271,0.548006157954772,1.01244571387129,0.945347220411178,1.17158294623547,1.08723724407148,1.30902161288066,1.26736419969148,1.4817284743056,1.466205651625,0.958007778390376,0.87077203393212,1.21638631372105,1.02618942223589,1.35967380227287,1.14457486203363,1.39960812373881,1.3870250021449,1.48858067559687,1.69368410858719,1.16795756647908,0.899587147343539,0.98,0.984,0.978,0.954,0.93,0.908,0.85,0.876,0.982,0.982,2.38352995214778,2.60414220520699,2.49798009303109,2.90822287732881,2.4712826698465,2.98705901860848,2.3894088306804,3.13669018699377,2.28313645257049,2.43755792353565
0.403001289919829,0.602073475728552,0.548428336502003,0.716686479582607,0.786014154266856,0.904028672312947,0.926695251637859,1.03114254916625,0.337938775443746,0.557926574418599,1.02863679459779,0.956814680060988,1.20139769799055,1.091002220984,1.31754699848774,1.27759290341444,1.45994457901994,1.51644964327267,0.929393054711448,0.914406232592117,1.22131921279638,1.01773467781799,1.4007078009956,1.16887616337233,1.40779215856206,1.41585997307665,1.48450524496345,1.76355911547264,1.13460880518294,0.940471273911053,0.98,0.978,0.98,0.962,0.932,0.91,0.822,0.884,0.98,0.99,2.36190911799092,2.62439369537689,2.55562398859136,2.88429444033369,2.51586418758542,3.06086416632884,2.36769827403759,3.23709037710694,2.25540585330752,2.44826192826046
0.402962661855199,0.641331463289581,0.526006708461593,0.729309025353219,0.811643499485682,0.827123119162746,0.943874386082811,1.03842229657116,0.321912240319927,0.550051524740372,1.03054813169285,0.939758082546233,1.18006824180233,1.07942961697849,1.3352353969934,1.28638180105042,1.47288813044326,1.48187292417562,0.939298033510881,0.861934537577226,1.22896406734666,0.976898735128951,1.37355623708776,1.13745380391572,1.46277660556927,1.4540706652624,1.5366514729692,1.73400223392487,1.16338443636778,0.853981899225719,0.984,0.976,0.976,0.978,0.886,0.92,0.82,0.868,0.986,0.984,2.4297527184579,2.63395678578751,2.49980166553967,2.87095898378822,2.40452514257651,3.03835721533634,2.33628067038562,3.20282998837157,2.237056948094,2.38648191779917
0.41034651763285,0.597761187866556,0.575903023784971,0.74677022331185,0.798666511601053,0.86997569827855,0.917365692775426,1.05186288197376,0.330842455862049,0.572120563076584,1.03398913187689,0.969981997306624,1.16106943205145,1.08268722332127,1.35204525034919,1.25911964177296,1.47432135284689,1.50611758639906,0.944047379028627,0.875138921643726,1.23058911251312,1.02541297133353,1.32745141080187,1.1626468732996,1.44628250234213,1.41657456133165,1.52080707724224,1.73224611197077,1.13894720312537,0.904744556597221,0.98,0.98,0.974,0.924,0.918,0.908,0.816,0.866,0.982,0.964,2.39889770398791,2.59699107966718,2.43184600656484,2.7655621042285,2.4754866577704,2.9672524605823,2.32578493166048,3.30434063153799,2.2644255423715,2.38124220059125
0.400163854965943,0.627500695723029,0.569158988120766,0.693305809617859,0.765421687793736,0.898655900007259,0.929626486067453,1.02382333513177,0.329562334198628,0.576070673662343,1.0323812493572,0.953763114531852,1.15196279012918,1.10687753426802,1.33146887290011,1.31107033559639,1.49109268518593,1.48736075412331,0.946533152632931,0.864624663620757,1.24073825992547,1.00726121969346,1.31225447609885,1.19627627437129,1.44062925123606,1.4867035572043,1.53758392727512,1.74924280336368,1.17423364502643,0.920372367517024,0.986,0.976,0.972,0.96,0.922,0.902,0.804,0.874,0.98,0.968,2.41477231437621,2.57467070330864,2.45811213279711,2.75565441629041,2.46629863380777,2.98712535084655,2.29590060314039,3.26691710863369,2.27650349041386,2.43086385684768
0.395381737780525,0.605502425357659,0.598628486002803,0.731574084275535,0.77695664730721,0.907516554632483,0.911903659429005,1.025139618226,0.314384534351783,0.557055501976359,1.03828166512843,0.945048620620137,1.19401037778142,1.0874060683783,1.34837458772445,1.30996707077576,1.46327672041784,1.51521240632476,0.919094913093658,0.867150952338749,1.27343302365975,1.01528696011481,1.3731722700366,1.23467303615124,1.46344796035435,1.47346776686879,1.4955095154755,1.70872229257988,1.10697086327159,0.93511565591636,0.98,0.98,0.974,0.942,0.914,0.918,0.822,0.904,0.984,0.986,2.37760523419312,2.60748712213517,2.43519741737531,2.77469757847371,2.4364874149138,3.13304614612746,2.39331035154662,3.21757749914709,2.23483352650781,2.41882876490653
0.387049782603013,0.607686835705568,0.569504417174247,0.701437764908622,0.76746845616032,0.916161410482702,0.900841524916823,0.992438281275298,0.331858914752629,0.571758675449819,1.03362024705354,0.973232500730782,1.14320828796274,1.08371964100162,1.36109810556107,1.28435509264512,1.46267420897694,1.49372055167484,0.950174662115928,0.847401592047491,1.23881022891603,1.02516123750876,1.30159252498618,1.15135208616748,1.48005676712985,1.41607271754108,1.51489697461939,1.78131319021012,1.16440618370198,0.894950021053558,0.98,0.982,0.974,0.942,0.928,0.908,0.858,0.886,0.988,0.978,2.37358835677098,2.57330379227005,2.49606066254644,2.76948993928543,2.497382286382,3.138518870439,2.3503293767964,3.2523673624902,2.32302295281954,2.40952457462611
0.403383168469675,0.612496046848608,0.561950037157751,0.737996576556972,0.777203282162172,0.852309041239653,0.925561161171103,0.981638093103665,0.319623183125235,0.562223618732309,1.05932743088927,0.96021137743934,1.17435503772372,1.09579072517837,1.34886353150752,1.29727212515974,1.48303106479944,1.49472579858334,0.939542383096396,0.871252130864435,1.30478032700478,1.02268690853739,1.33033436307561,1.17210118765527,1.45852178741304,1.40429138813337,1.51161046991489,1.66427908089565,1.1508680677549,0.915346445671537,0.98,0.98,0.974,0.952,0.954,0.926,0.808,0.878,0.982,0.974,2.3726376913769,2.60937520508683,2.52108955736394,2.79625334581872,2.47638861983993,2.97692786657776,2.27786636930887,3.21845677819706,2.24027593127937,2.43458607681912
0.437366968180193,0.605891800342271,0.593217568001072,0.75809497373232,0.778378879501395,0.879638027856254,0.927539649267917,1.01095213418021,0.31576863462789,0.556199345322232,1.03925991790053,0.979428400404384,1.18896833320585,1.09891188661121,1.32330757081796,1.29851506172322,1.47129711012776,1.48973343203674,0.920284471403836,0.89613475375793,1.25035225513921,0.997874640325906,1.39036326119937,1.17923319455941,1.42620113608686,1.50613531623777,1.54560241162715,1.76325721560216,1.13030363916626,0.90869372678657,0.98,0.98,0.972,0.944,0.942,0.912,0.85,0.862,0.982,0.966,2.4505643738886,2.56598037528343,2.45434981824197,2.81026691908625,2.54818679564357,3.01790457344229,2.40753375534848,3.1039400940581,2.27925053577205,2.36830061558736
0.413365335427864,0.612125705733876,0.546161913230981,0.740982560959586,0.787661574764892,0.865605773429675,0.928796931408683,1.01060452950111,0.325896859155757,0.577757407323201,1.07013298596086,0.955954258298232,1.17441018647114,1.07062587006348,1.35806813844922,1.27733431498379,1.47544777570466,1.50914754210074,0.946821173166675,0.87252884037888,1.29676716842474,1.03262702140141,1.33444326620048,1.17857993825317,1.47480152785702,1.47095480530649,1.49607059092576,1.75613934107643,1.14850035679167,0.920564982550588,0.984,0.978,0.98,0.94,0.922,0.966,0.832,0.876,0.982,0.976,2.34977249690465,2.63958053790908,2.4522646511129,2.79898167602296,2.41036878624737,3.14276389970718,2.31327993073858,3.30011251441451,2.25283467187024,2.42929215961614
0.411348811537465,0.625203370543339,0.568801899258252,0.706236282110087,0.820488567127677,0.92483656075804,0.917803135259086,1.02001189934347,0.340470572952489,0.574387800368598,1.08081410232592,0.9485828776338,1.18782573845735,1.09024730802317,1.36601535803855,1.30988397301945,1.46594780957008,1.51336460969036,0.949312979933462,0.864377199769811,1.30034507759669,1.014466045706,1.38551452823105,1.14315981713227,1.48198868863372,1.46625199059266,1.47868438204912,1.66231413728327,1.15640141873001,0.895844612567528,0.98,0.968,0.974,0.95,0.894,0.916,0.842,0.896,0.988,0.98,2.39141113932525,2.61457299518496,2.47498820544381,2.74432210040057,2.35718232226375,3.07996365284146,2.39095678930732,3.27625294163456,2.30163023847565,2.47527824193891
0.407909114240641,0.612848905282695,0.558996148648187,0.747492861480972,0.7897699988758,0.871958792164657,0.923946546970659,0.996901272599503,0.32420986731416,0.571365419693743,1.01710621851932,0.987791409767508,1.18151228541452,1.08436640881858,1.38657939868601,1.2868359509647,1.46774974332185,1.47414799666237,0.931317844466971,0.859682158608974,1.20649092253036,1.00396035314774,1.35267261772619,1.16049304381605,1.51730547416318,1.45580331600999,1.50765553043199,1.68381271104055,1.14359654377521,0.925841468369324,0.98,0.968,0.976,0.944,0.922,0.94,0.826,0.868,0.982,0.97,2.35707261346036,2.6058237916551,2.47197392754402,2.80049795109223,2.43376897236482,3.0300643394104,2.39328606184815,3.14007711951524,2.22196697778174,2.44687803122248
0.399499715685539,0.605617408650406,0.528793511075195,0.69338808116818,0.784631008281148,0.852857152182077,0.930280995318051,1.02288502913924,0.337277351771228,0.550210673638494,1.02663774028222,0.979195374698428,1.194128861278,1.12076709965645,1.38108636551908,1.28756570686891,1.47530747084672,1.49337152044691,0.932538545219488,0.921150117841132,1.23684086289521,1.00028923112849,1.40324962644824,1.23158267379748,1.53222930986933,1.41019878730343,1.51640673567799,1.72623043421022,1.10657766607033,0.921359739298828,0.982,0.974,0.976,0.984,0.924,0.932,0.84,0.88,0.982,0.978,2.42245847561646,2.57257151168232,2.49205062172026,2.9265264093407,2.48473467106222,2.98808537123903,2.37131472565616,3.29709289806775,2.25426566008686,2.43861633815932
0.379712197859345,0.623890953944976,0.558126549602193,0.727778233453776,0.780396112360181,0.829065261637793,0.934870688431827,1.03019009343632,0.32773210226798,0.565434864003304,1.01919179575582,0.944863820751146,1.18561546995585,1.08015926801024,1.3443083219987,1.28715558214874,1.4676189050856,1.51008526645691,0.952099268851204,0.885492432991737,1.24867487594363,1.00520386600011,1.36811776415636,1.17214992362298,1.43800378175679,1.44525072257721,1.45945991268385,1.74984933518014,1.14777050197493,0.916058119262806,0.982,0.96,0.976,0.946,0.918,0.938,0.784,0.826,0.982,0.988,2.36303077332738,2.61137240033012,2.45643437849036,2.79285741141945,2.44355116243657,3.067218906469,2.24812676325705,3.0737233221356,2.22857077264219,2.42406771078426
0.393535450597765,0.62284980855276,0.586303484125357,0.694813695807554,0.785592553155541,0.875098264785432,0.907684368761603,0.995863312761296,0.342307269770709,0.575870148273767,1.00323985009685,0.99656999572076,1.18453041116573,1.09205286095723,1.34101255254676,1.29097892044187,1.4619886080947,1.51857864920897,0.954401233276594,0.841616558995627,1.19874654339312,1.02647883077139,1.3540695784829,1.18175324405587,1.4637302902937,1.46389383528471,1.49103073349192,1.77301511673166,1.20002530109219,0.911720360982454,0.982,0.968,0.972,0.96,0.922,0.93,0.864,0.904,0.982,0.974,2.36995478903732,2.64223024061407,2.44677381996751,2.81510348822123,2.45506689886046,3.04377749141118,2.4315321305507,3.24969813861477,2.24860078782791,2.4397571668405
0.39564130958193,0.605684105989859,0.562911869493882,0.715935865562394,0.804862964346377,0.928160283292499,0.924492450884379,1.04257689304632,0.307602063122312,0.576115481590926,1.03915242391661,0.984266878897769,1.16198701823081,1.10164301921777,1.33762523638559,1.28460742557976,1.45424735468639,1.5032445334986,0.916910724168468,0.872239497273466,1.24126024219061,0.984951354431358,1.33342046058914,1.24660249185822,1.46075848273525,1.43756613344205,1.49213996385723,1.71852692810772,1.12462142142614,0.887372346911851,0.982,0.97,0.97,0.952,0.914,0.88,0.812,0.856,0.994,0.962,2.38979182244685,2.56456127695325,2.47685552706008,2.76158071175005,2.508579719685,3.05155351016887,2.37188150650986,3.11336710394231,2.27163859271406,2.40563217290293
0.400116619925794,0.618700757038518,0.549676267186386,0.746681459470051,0.732672287182832,0.886563694919143,0.940814596276546,1.03206839705562,0.323626184217844,0.556638895104363,1.02719443902259,0.975001701570797,1.16246300235158,1.12580791562871,1.35026053611581,1.2922508908935,1.46837908092677,1.50160325981344,0.943615289486479,0.880533735756542,1.20071655685138,1.02916807665151,1.33212970954692,1.22812867768847,1.49673738031893,1.45269829723621,1.47182140617995,1.65744001982203,1.15251184807532,0.928036798170763,0.98,0.978,0.976,0.956,0.94,0.928,0.808,0.87,0.98,0.984,2.36618948944856,2.56527879969512,2.49117590150896,2.83850234545085,2.59372549258744,3.0229699270631,2.32511760407208,3.24934351825093,2.2748343029171,2.44608326582686
0.386910490241125,0.603159646353523,0.569503342990782,0.706483279072171,0.800928223500013,0.889331387703971,0.90020908116135,1.02728780172475,0.319594795175011,0.543295391507816,1.00999777865568,0.966181707212261,1.19968561246298,1.11521375351466,1.34668498488336,1.27933392368364,1.45536842051931,1.50904061925551,0.948006568179836,0.885962415694571,1.20284427698832,0.973531038467018,1.4064107977789,1.23862701443052,1.46771365733356,1.41568076046,1.49232805643367,1.79903329278766,1.16606058823415,0.917991899402102,0.982,0.972,0.98,0.964,0.908,0.894,0.86,0.836,0.98,0.974,2.37329269226658,2.61534822000031,2.47505161982955,2.75174108061769,2.5157710651878,2.99449098810637,2.41981125634017,3.10078034066208,2.25816833431912,2.40902872504362
0.407870009723559,0.612121448114741,0.553139756672803,0.746096453967399,0.794151600017374,0.873958620745213,0.939602529047942,1.04541351079554,0.340688611796837,0.592296610306056,1.04209898244468,1.00817966399431,1.16619837064263,1.09460555530974,1.33839205536703,1.27309212742341,1.46762257711775,1.48480520559398,0.950532491706588,0.904853019872351,1.25278076967382,1.0459361168924,1.33229701924186,1.1998815338588,1.44648906949842,1.40996498060489,1.48286188467856,1.73348445472621,1.17370938654099,0.896245396428343,0.98,0.984,0.98,0.936,0.928,0.934,0.81,0.866,0.982,0.974,2.35642195530694,2.63964104675536,2.50492288723489,2.78048681018656,2.47871097449629,3.05006883113182,2.26856047031695,3.26256748063357,2.29250692507614,2.46803183016325
0.411768580617041,0.606943742987193,0.550204076218487,0.698592578833691,0.759634952448566,0.859806593174027,0.915807593273188,1.01756455774711,0.321401021811327,0.544802234103044,1.03088864800867,0.9533086483225,1.17179341364145,1.10108645055856,1.33502964720934,1.28825049082086,1.46604556655309,1.48969063213491,0.959492544776389,0.91111060020687,1.22152273860317,1.03458427860238,1.35193089544606,1.18671868776329,1.45363592180212,1.44702657353779,1.50568992279427,1.7409573129069,1.19909236808129,0.95352850461534,0.98,0.98,0.98,0.95,0.94,0.914,0.84,0.894,0.986,0.99,2.36230496292128,2.63611666601562,2.49976387293456,2.76551572792805,2.47905213594476,3.10065339862454,2.38777268175838,3.19621005049123,2.28857350618983,2.4301889586039
0.414252665569943,0.584530330253419,0.607692252482889,0.710300052581911,0.810544442737837,0.929183198621854,0.922819203697705,1.00347558743543,0.331347350146347,0.566489814086338,1.02124401463473,0.98304340482798,1.21759505764709,1.08767456115965,1.37714634969651,1.28640755097232,1.47208496430699,1.4980347297267,0.944410571358183,0.883958591997737,1.21362771553348,1.01973515862199,1.43743796721384,1.14407519069593,1.51430845637303,1.42135281235485,1.51746663893803,1.75343675704482,1.16210115606535,0.880491583969858,0.986,0.968,0.972,0.938,0.89,0.89,0.826,0.884,0.984,0.962,2.36932674541169,2.60971141008939,2.47767273499153,2.80225971829061,2.40559025751392,3.02080246726935,2.37740774916463,3.18919175907085,2.29601680001345,2.43439243970603
0.421920123017771,0.634371013861579,0.590841384762625,0.700845611667839,0.822112403760023,0.876877351890627,0.90779388096783,1.03070693724673,0.333642602173309,0.577493442717018,1.05297484282667,0.935127577882831,1.18176810824525,1.09298614236187,1.33172797170093,1.29983254175937,1.44451500434243,1.47748588401912,0.929260732196282,0.87598839401745,1.26470377055296,0.993560275881543,1.3554896853325,1.14780294035938,1.44480450575919,1.48241049450178,1.47995962720718,1.73205404662538,1.14565212704344,0.905722342011362,0.98,0.966,0.974,0.966,0.884,0.936,0.86,0.876,0.982,0.98,2.39463928157466,2.62866689666856,2.49828545968138,2.79147008816765,2.36516291268023,3.13072011981092,2.36484346593205,3.14698719308299,2.26872614016554,2.43471577191463
0.423657663519456,0.607575040045827,0.546586757034683,0.748423223432893,0.797424714067029,0.84790601032004,0.952976787041978,1.04285093028411,0.330044483968864,0.567709093992887,1.0558966357397,0.957471878836684,1.17729826778582,1.10492581006744,1.36322375902014,1.30192899899015,1.49665300739787,1.52324897737766,0.947923595622058,0.892451516041744,1.27648453862242,1.05388116482845,1.38201569724307,1.20613815655317,1.49451825118003,1.44391339552448,1.55935140667674,1.87335682283895,1.15698112021475,0.941385860531681,0.978,0.98,0.978,0.93,0.908,0.944,0.774,0.858,0.984,0.982,2.3498426525559,2.57104940539723,2.50763123939912,2.76767586425023,2.4392995071647,3.04258147805585,2.24512374356089,3.2808903457508,2.26512424003162,2.39943136624302
0.393304809207207,0.606131549765348,0.55294878476736,0.718628228366498,0.773360887711141,0.88435140224655,0.935890252821715,1.01280852464828,0.320245383499456,0.587312072842864,1.02836621958239,0.961611975358657,1.17015040962913,1.07743026439366,1.33659765528504,1.31302756776092,1.46018461946857,1.48041747095495,0.9469669514761,0.879436640137526,1.24484503046557,0.995326459599957,1.34443831186257,1.15426240263478,1.45278883896087,1.41584135193763,1.48706229733478,1.73715064870735,1.17664045416001,0.917087031277144,0.98,0.972,0.974,0.96,0.92,0.884,0.86,0.872,0.98,0.982,2.41723387595079,2.58748866236581,2.46173475322237,2.82532046998193,2.45676035805166,3.0286559615903,2.40342044130695,3.23030529669097,2.23333365544665,2.43889473252653
0.393617760533676,0.63131955185406,0.585588507382806,0.709188130380907,0.767638694637848,0.908811940178746,0.912925985505101,1.0377417613123,0.325784254222179,0.585816357767831,1.03112421179351,0.946888187526723,1.19237128149941,1.10849290395463,1.31472607300875,1.29854468255918,1.46578728936659,1.49615557375809,0.93956734505325,0.879650429902565,1.25571835101689,1.009824289826,1.36357430365269,1.20103328618645,1.42292473136885,1.45479803692768,1.5027732522566,1.67566196219329,1.15643013835963,0.909445261749095,0.982,0.978,0.974,0.964,0.928,0.894,0.858,0.856,0.986,0.972,2.39058564313393,2.63786092941025,2.43588619051587,2.89020598930158,2.47517103948437,3.04326922965587,2.38808619313554,3.20534733612234,2.30007583725965,2.45181494849496
0.410138134681484,0.614690946982962,0.523567367100046,0.684263666340991,0.805574515371888,0.890053928585099,0.944347400146525,1.025721232413,0.330509510222581,0.585632539648854,1.01819553670066,0.980968071784704,1.18306788322409,1.09883717622998,1.35341896006075,1.33015902885238,1.46536678139446,1.4924165931747,0.933271056659405,0.88395267782054,1.21317724688001,1.06932666211001,1.36871532401563,1.14190389796847,1.43770596328034,1.5141851366763,1.49149923102411,1.71587484603331,1.14551100003642,0.91412807984617,0.988,0.986,0.98,0.982,0.926,0.892,0.772,0.894,0.98,0.978,2.41131052314006,2.61945350537197,2.53837275828745,2.83386872479911,2.46695779159065,3.01098909593527,2.23546768019135,3.29676431886489,2.26707153302172,2.46657134543876
0.412643310070882,0.629316535058765,0.594442882876536,0.718034829644725,0.816209230300341,0.874929598691839,0.921688307381227,1.00167667625699,0.327979038070853,0.569384390960566,1.05414195411329,0.950473275157565,1.16096606299761,1.10137896742881,1.3278160114657,1.27720085877913,1.44654948112935,1.48920190039072,0.910952578284716,0.869771195089755,1.28847849695406,1.01024335866695,1.31300476148706,1.24315590238167,1.44343933179934,1.44832662338259,1.50969903774004,1.71894688695281,1.09341066672624,0.936444179459042,0.976,0.948,0.976,0.952,0.926,0.924,0.848,0.844,0.982,0.988,2.35933068844061,2.61989323571158,2.43007738923153,2.81429507928894,2.47646147687591,3.12685240731535,2.36937972144176,3.22695889209593,2.28530698195113,2.45696444509772
0.402296307795006,0.633391106884101,0.591146674164072,0.71076897059966,0.818069237073268,0.838794490134801,0.929569219976092,1.01002746021257,0.317329098491188,0.579374164430487,1.04117822592909,0.976765303413782,1.21571772882082,1.11605602673394,1.38831437676046,1.27065395669354,1.45362095862228,1.49310256091016,0.929359710095313,0.863376344324359,1.28275445035235,1.04178734786911,1.43801914207274,1.20775256656972,1.5461577748184,1.46155746799113,1.52282822781888,1.68651067814416,1.14890422503424,0.957703590303836,0.982,0.962,0.972,0.958,0.904,0.928,0.826,0.872,0.982,0.986,2.35964977734974,2.59229700737077,2.44092328212495,2.79679963721574,2.46259044433714,3.046184197264,2.31536704656063,3.24428356385156,2.30455860894552,2.46209127671997
0.410761306703442,0.61833266485413,0.588159465843601,0.719874277876897,0.782621537620964,0.894864314747453,0.943591648564873,1.03146241065768,0.327642060353111,0.568277285252948,1.04077893106612,0.984849983828828,1.20275747298121,1.07400914914304,1.35452527359039,1.29052857330271,1.46095153668012,1.51871391654183,0.931196053637467,0.871938802917579,1.25980175278529,1.01677520345446,1.39352892523731,1.15228064081734,1.52100520799591,1.41770669310373,1.4912053612653,1.78952970051907,1.13842727718699,0.911813280263486,0.982,0.988,0.976,0.952,0.906,0.91,0.804,0.87,0.982,0.984,2.38350141276801,2.53913934902353,2.46983527493169,2.82955633008662,2.42533545254132,3.02368032503225,2.3099336538081,3.26292558610552,2.2666862379864,2.42217508421427
0.390255660529053,0.604716287227709,0.547727698990677,0.714247335122501,0.783679225669457,0.888968682633132,0.920371335311656,1.03060974165093,0.321622700092403,0.557351974722114,1.02291026727573,0.983586916491624,1.14390915481552,1.08302615339477,1.36333413551767,1.30398472078758,1.45505191293323,1.49108161182311,0.949880101432355,0.933554361470782,1.2392733393332,1.06473164241022,1.32285366497955,1.17952382840263,1.49195914515647,1.45094278735249,1.47680059337899,1.73679710450451,1.17303939849794,0.913040909772134,0.982,0.972,0.98,0.95,0.908,0.916,0.848,0.874,0.982,0.982,2.41633993050709,2.66862917555862,2.53286717218442,2.80448983293975,2.45618290013095,3.15126491030939,2.41935303814066,3.3181229405807,2.27920014067597,2.44610638764334
0.40253603629247,0.621992719865137,0.543758648919153,0.738993957791409,0.812623901921139,0.878592895638081,0.903360787600106,1.04009426664285,0.306956614908672,0.550295730595235,1.02173925713718,0.977450105321081,1.15363960005371,1.11308306006409,1.33094967369137,1.28848847854351,1.43574456461068,1.48177902155713,0.933088632343713,0.901019187914778,1.20006695047544,1.01826662245107,1.31068282993476,1.22318449053693,1.4442790390611,1.43893968404943,1.46047577779092,1.64805031709148,1.14568979998245,0.905780627577142,0.984,0.986,0.978,0.932,0.896,0.926,0.864,0.88,0.982,0.976,2.38681905157183,2.60261742629666,2.47532746831272,2.7953778422295,2.3764549986602,3.06141208024387,2.46685145633154,3.29539852592393,2.23661379611562,2.39095452716671
0.389561688017765,0.6195870591792,0.595887467060005,0.713271801305778,0.797062787959761,0.894635741366052,0.928404235792676,1.05264966607666,0.336977593877578,0.555499877801706,1.03898394095362,0.98626309479182,1.16833254471751,1.08779557129717,1.33658047120432,1.30221309063742,1.46666247465807,1.49108957067654,0.95363621733577,0.883611852463275,1.27752037718158,1.04185075588433,1.34247782943819,1.18557354831004,1.44230910266319,1.40668020346511,1.48631874416378,1.72904583579866,1.19061210747095,0.907746031163646,0.98,0.97,0.972,0.958,0.93,0.902,0.824,0.838,0.982,0.972,2.38364159507614,2.57256275529083,2.51632135439895,2.75346473719096,2.51502542951437,2.93834795419308,2.33339610964412,3.24696020976765,2.28691532268891,2.46018208775799
0.402874979210504,0.607037288091601,0.541367327570402,0.721919229688078,0.80945307222768,0.869831299852989,0.932321695303482,1.01388480908309,0.328397007513634,0.56316982285505,1.05411841152194,0.992298224554535,1.16377870356749,1.0885461402543,1.34704801227736,1.30411672160918,1.47735658533692,1.48379149873646,0.928166870800061,0.86790372579188,1.29029291048472,1.05569682454984,1.3303449598722,1.15473798388665,1.46028848883274,1.40123384720402,1.52415732138986,1.70589341818775,1.16571429075424,0.904400482948846,0.98,0.96,0.978,0.954,0.916,0.89,0.824,0.872,0.98,0.988,2.3393051909862,2.58176801623276,2.50088013302863,2.86598971279638,2.41256666424841,3.03980208787584,2.48235019139425,3.23372330137773,2.27820183651882,2.38038773908195
0.397632409950031,0.623022316893808,0.584416503399452,0.777906249225107,0.793319913139919,0.890663771080417,0.89544920524482,1.03955612067558,0.329650882991112,0.555323539275357,1.01492860420373,0.983294613171728,1.18269613391686,1.11688675845449,1.33320401007521,1.25472040802776,1.46815779228543,1.46545232316177,0.933247904400847,0.884399795647838,1.22954112970137,1.0072801628511,1.36471385953665,1.17476971749018,1.4256370053558,1.42824761860845,1.52466227624519,1.73850813650917,1.12421116883301,0.93418984939609,0.976,0.962,0.974,0.926,0.9,0.912,0.862,0.848,0.982,0.97,2.33641280518339,2.59577659834323,2.5132241161686,2.84414849057773,2.39234657555298,2.91520312188005,2.43620077912115,3.15315957064431,2.26239857777982,2.42825847727717
0.385823154618054,0.6146459477464,0.565560996240356,0.705925430708499,0.760733876352827,0.852609424175441,0.910935353710712,0.997043231356601,0.325539603173232,0.550035833946307,1.03010775918906,0.956747580778602,1.18531978300614,1.09348011513594,1.32840309895687,1.27760495078284,1.45375443085086,1.48484744000123,0.95799603703181,0.874327956447929,1.22669039456218,1.02096611314345,1.35548484242783,1.20614553169798,1.41600325896686,1.55096996402876,1.46593578583227,1.69367604174372,1.16028245485106,0.92187679992844,0.98,0.958,0.976,0.982,0.932,0.952,0.844,0.884,0.982,0.992,2.37687172438714,2.58012965932394,2.48814012886273,2.92747994906027,2.47674654292848,3.10003238708579,2.46438873192099,3.04415780496551,2.23224660735341,2.41995037415135
0.402229647486172,0.62911280551796,0.565860429028754,0.688848122616544,0.766718347633417,0.874161123957555,0.883093430242902,1.05969725183717,0.328774635518517,0.574024063382944,1.03971874920573,0.983231600767378,1.14913414871182,1.09556341253067,1.33235762513099,1.31356434385989,1.45129649556421,1.51190114288511,0.93020664141304,0.892695642800754,1.23897489994673,0.998354128099948,1.31032981874088,1.19021049077471,1.45252700123334,1.45477655488384,1.47809536962657,1.73716872782517,1.13066590421735,0.903962609473938,0.98,0.97,0.974,0.97,0.908,0.916,0.852,0.86,0.982,0.976,2.42054573033987,2.67581977692132,2.48186570163265,2.77268299632821,2.43002187926159,3.00508329857688,2.38784706397087,3.26171559594853,2.27281197156393,2.42766178697808
0.415478776294799,0.631242981640682,0.560734726529304,0.753049254104511,0.787883895773156,0.913622051726297,0.91907369554517,1.02814076656569,0.328597275388434,0.580720578427746,1.05095955529438,0.934327824798617,1.17053710910902,1.11118752749424,1.35404782969183,1.27667142282153,1.468878907389,1.51044239741884,0.940764799452654,0.856832534356088,1.2579648240135,0.991391741166483,1.33369584215497,1.18581141228411,1.47534841906645,1.42295530021964,1.50783860367433,1.78865546165302,1.14491280980301,0.89539042532192,0.98,0.948,0.98,0.948,0.91,0.902,0.816,0.858,0.99,0.97,2.39208027319959,2.57330326989995,2.49443496904282,2.84604404389697,2.44889268809403,2.99697142861122,2.363915633315,3.2726307951594,2.26039866079401,2.44870298373682
0.410002688423111,0.588515442985271,0.55003802108553,0.742704802913431,0.773217275082927,0.903684409171186,0.945916398948862,1.05452022776706,0.336562599942478,0.56156036929538,1.01978963606236,0.942376878987138,1.20370171519702,1.08549336051331,1.33537511901077,1.27723221277004,1.47308826015457,1.50351973524212,0.945791679145229,0.864529558662102,1.24620370422698,1.00961364980612,1.3984208305809,1.20259096366453,1.42069737791153,1.41482338811239,1.52042348926831,1.7180402709756,1.14780514706592,0.911215385527421,0.98,0.98,0.978,0.974,0.934,0.92,0.774,0.848,0.982,0.986,2.35378120100743,2.58751867876927,2.55020088333531,2.85530225828319,2.55129627690389,3.08075759572657,2.26583904023654,3.23540820166832,2.26046054801595,2.43718960733969
0.389561459924468,0.613570843994325,0.576881359566891,0.704243988794409,0.789545828767211,0.891665193977188,0.920415260413344,1.02480149669923,0.328300967246767,0.585505366751567,1.02462718162306,0.957464339486019,1.18726772330557,1.12095828705828,1.34124869467105,1.29558935522764,1.47562782985656,1.49359266150223,0.941938683664591,0.846883765416317,1.21329006369512,1.00457177623419,1.37989341660926,1.22829204462298,1.47150749161996,1.46229447574744,1.53901663041588,1.83604887772218,1.15282293430741,0.893661537213635,0.982,0.986,0.976,0.946,0.886,0.906,0.788,0.872,0.982,0.99,2.34197596558425,2.56790477209088,2.48500614826659,2.74859399079567,2.42061837260295,2.94813818682918,2.24171562686464,3.3584245602512,2.25367265869889,2.39806614327779
0.393542824686755,0.636158871265284,0.548087080537726,0.691566805626233,0.812205856714922,0.894617045633706,0.912582814738275,1.00429728336655,0.309133527918247,0.583911338914345,1.08263970090119,0.954075930333033,1.17643239784453,1.07917810229538,1.34240910184039,1.30988363657172,1.46349309844108,1.48637610534839,0.936152869443043,0.869037466820512,1.33172558406239,1.02659912209556,1.36342729148358,1.14237576445174,1.43952844209921,1.46301165452576,1.4761516187314,1.7042003098528,1.12720667417955,0.9265965567568,0.98,0.952,0.976,0.972,0.932,0.912,0.816,0.872,0.984,0.978,2.38247973635173,2.54595598189904,2.4736940304158,2.89731650756507,2.45258338161532,3.14750583016306,2.3493263025961,3.14448122354537,2.26340232165936,2.48360591409263
0.379818940897695,0.608456445428023,0.557442404025591,0.742650874351856,0.800129684834247,0.876599374791626,0.936026575407595,1.01000124389731,0.328844250508084,0.57034609860416,1.02481715033066,0.948779692265493,1.15800406409956,1.09052936901465,1.35079122338775,1.27594181635186,1.47430122101889,1.49029396686785,0.929625946784099,0.846864190173429,1.24718462845221,0.952066618419676,1.32154655273705,1.21161773970915,1.48016963014439,1.36175990729076,1.50263155024797,1.72565881643508,1.15947218453263,0.878350638627141,0.98,0.974,0.978,0.94,0.908,0.94,0.804,0.886,0.98,0.994,2.3545805673173,2.59512258625381,2.47775427987073,2.86905202845232,2.41417376605529,3.08867435282272,2.27977787194162,3.28015470603935,2.26063432093277,2.484428725584
0.394827876825435,0.59729027833247,0.574050307723903,0.753782156910099,0.761177279989988,0.889006529915653,0.912771845375829,1.03151131630219,0.312248861407918,0.560051401443057,1.02937843886221,0.968294186408036,1.18987312606982,1.12860472901261,1.29812559481391,1.28338112200242,1.46375401046079,1.51954506977648,0.928295733347553,0.885573552324488,1.2293878997979,1.03343231581772,1.36690210660748,1.24352752442486,1.40591926145429,1.40845231663144,1.47903481191633,1.74158139352752,1.13477764466754,0.869759564972808,0.984,0.98,0.98,0.944,0.924,0.904,0.836,0.838,0.982,0.968,2.36460237039752,2.55515710419257,2.51640297381178,2.78755544696957,2.41989225075665,3.06088819339085,2.37737644961923,3.07825342757788,2.24148252597281,2.36556719280377
