"bcf_1k_pehe1","bcf_1k_pehe2","bcf_0.5k_pehe1","bcf_0.5k_pehe2","bcf_0.25k_pehe1","bcf_0.25k_pehe2","bcf_0.1k_pehe1","bcf_0.1k_pehe2","bcf_0.05k_pehe1","bcf_0.05k_pehe2","bcf_1k_tau_951","bcf_1k_tau_952","bcf_0.5k_tau_951","bcf_0.5k_tau_952","bcf_0.25k_tau_951","bcf_0.25k_tau_952","bcf_0.1k_tau_951","bcf_0.1k_tau_952","bcf_0.05k_tau_951","bcf_0.05k_tau_952","bcf_1k_tau_951w","bcf_1k_tau_952w","bcf_0.5k_tau_951w","bcf_0.5k_tau_952w","bcf_0.25k_tau_951w","bcf_0.25k_tau_952w","bcf_0.1k_tau_951w","bcf_0.1k_tau_952w","bcf_0.05k_tau_951w","bcf_0.05k_tau_952w"
6.77659171967194,10.5019345058528,7.49864064470763,11.2555997597851,9.69703128380645,10.6378830877562,8.19675844519568,10.1415555037698,7.38123490332194,10.807479768541,1,0.918,0.998,0.905,0.973,0.9,0.993,0.895,0.991,0.854,46.5679212323785,34.3275872827297,47.9303911271975,36.4468742362476,45.7675277626293,34.8569556011339,47.7865272417026,32.9464644018806,43.9690621055639,30.282923185842
9.59040528783902,11.1074937696925,9.6272717793597,10.7823132252965,9.0131793014359,10.6944665800212,7.76788995877635,10.9119745012615,9.0980423404507,10.0670719791853,0.999,0.926,0.998,0.938,0.998,0.865,1,0.928,0.991,0.841,49.7228500531828,40.3103660812015,50.4820272780764,37.78788294931,45.8402723340778,33.6624081491124,47.186511790093,39.4196024965951,49.517727992978,29.8655563209029
12.6087281743231,7.92138245512014,13.0011937894974,7.84828583024529,12.7795527813251,8.45056951755812,11.870665993185,7.61491338177325,12.6677166467206,8.18278914342021,0.912,1,0.803,1,0.893,0.996,0.94,1,0.882,0.994,37.2499259918081,39.8247792121481,34.6874506431169,39.0163348942557,37.0244061576729,35.1112024335636,40.6549165096051,39.5168501621045,43.0878194041987,35.6713758134228
8.23875861741234,4.87069130059008,8.51970689099863,4.77025820633355,8.00839531071242,4.67012021684741,7.85068161830509,5.62086619151989,8.57448709617688,5.88165555495224,0.991,1,0.99,1,0.98,1,0.992,1,0.98,1,43.2887894365562,49.8007414378073,45.1372376578104,48.008681465044,41.7824120031958,44.6873150189368,43.1343735250495,50.343333902125,45.4488118666561,47.7697794835245
11.5430998105128,7.72559595798718,11.6254716186924,7.52795074746238,10.4865697133896,6.86874077001208,11.047386531331,6.8771452172092,14.2634353855698,6.73450241273985,0.917,1,0.921,1,0.946,1,0.876,1,0.876,0.998,42.9362405410486,44.5919239572991,43.7213307563659,44.3496654572073,42.2919393016891,50.3867237996716,37.1470375975512,50.241230373829,48.364658469563,40.59300232371
16.7288529242407,9.45829053925873,14.6286491255004,9.28410959248328,14.0826906050382,9.46106443932135,16.0389103127191,8.87128835665225,15.3478292780568,10.0418172974449,0.821,0.995,0.916,0.989,0.88,0.982,0.838,0.928,0.725,0.984,44.558967078815,46.7708273290036,52.3072406816552,42.9132120551937,46.0000864051751,43.825282721437,52.4124656634766,32.8320004639113,40.087175392623,48.4393393134419
18.2159849602948,12.1000673907698,18.6853047472128,11.430302399967,17.7434761587626,13.179532078581,18.6006977157239,12.7408062213712,17.364719677973,12.7812784121349,0.607,0.879,0.547,0.912,0.62,0.799,0.515,0.836,0.572,0.862,36.8846298805417,35.5028691515858,33.4220878217327,36.5597493856791,36.6447271267687,33.3286746015385,31.8524665671323,36.0119739986169,33.2589535296323,36.1872113350553
7.72635599843063,9.56979675474263,7.78066076491996,10.3388491325243,7.82086937161003,10.0280115580672,7.91764682066959,9.47383549577091,7.529598006184,10.6139546764153,1,0.989,0.996,0.938,0.989,0.979,0.978,0.975,0.988,0.975,40.8698893756846,44.737565751421,39.2236602126565,39.2642340927015,35.3288994121913,46.6442178827095,36.0838931936434,42.535247929115,38.7848194124528,47.1567023205566
11.7665844214549,8.76788754284319,13.2439919429062,8.82898129818489,12.5714850106703,8.74127149624916,12.9123077854617,8.99093795204001,12.8977138958077,10.1900156527174,0.986,1,0.917,1,0.959,1,0.94,0.998,0.92,0.969,56.2238723944325,54.3459091708059,52.2339362067743,51.9428286333751,54.044024241401,52.5886899702886,54.840400246335,43.8880253364916,52.2622402337507,44.9753134184508
9.18271241283884,8.72297422423621,8.11625497099373,8.98355791550979,8.7574172866962,9.96722751088164,7.7376972648301,9.35465793311861,8.33986590921637,9.08920405166615,0.974,0.994,0.997,0.992,0.997,0.961,0.979,0.981,0.992,0.987,43.6591203763036,43.8445575233185,43.6840531712818,45.0687763418358,47.3523817412167,40.2972724388002,40.5815628142427,46.1467691359135,47.9271185154613,40.2144170253669
9.30346838046386,11.945869426295,8.83327297891366,13.1675068372096,10.0886722449378,13.1836974650246,10.5568107110995,13.3053968944307,9.28289750988413,13.2881172688846,0.99,0.989,0.984,0.955,0.995,0.885,0.915,0.852,0.961,0.792,43.1717480081255,45.4390115678637,39.4387719238671,44.679995085029,44.2638672632177,41.9895365784697,36.915866941457,35.240023989522,41.0720366502417,32.2287834374412
13.0394742274683,9.9553667940096,9.8216348508284,9.72346206175935,9.70675306797573,9.79532343606655,13.6502426191187,9.94443192334316,7.75578556854561,13.3037854153134,0.884,0.96,0.989,0.943,0.993,0.919,0.918,0.927,0.994,0.798,34.4485457204881,37.6852915733929,41.2857089914049,34.8335174672203,41.8847913292147,32.4474417226839,39.7436132371883,37.4742842813426,46.9247099741585,32.6265375720523
15.9419011501242,7.76566030796494,15.8310340612589,7.42528709525334,14.954623970475,8.13150077548596,15.1568086827674,7.53998358630948,16.551873978967,7.6502437078002,0.962,1,0.948,1,0.934,1,0.914,1,0.785,1,63.1603917218714,41.9449459257763,62.0951161631495,40.0575810378257,55.0176696119439,38.5476338161623,52.4490532058759,40.8907015062959,43.0245629406728,44.0744136893257
9.63384001456833,9.64147361693987,9.4802710257705,9.59327551767243,9.46239744640358,9.75018468435319,8.75806056025973,9.28594500643459,11.1179510886307,10.1387199117315,0.977,0.973,0.984,0.942,0.975,0.943,0.975,0.942,0.938,0.868,47.7025905348445,41.6267191047481,49.762855859591,37.6618684934094,43.1728582339012,37.9797814766319,42.5049601871215,38.8400599266812,45.5631604079789,34.684027781136
9.69761300659866,12.4366266101056,9.26782206075568,13.4046410747072,9.97347163414649,12.4260443955116,9.90253674102841,13.4081053999037,8.16351596612057,12.5197244393003,0.99,0.928,0.986,0.948,0.991,0.951,0.985,0.867,0.988,0.878,42.160483807539,36.8690476690876,41.1886586439497,38.488426506578,43.9828688517948,40.6841222028611,44.4980293243173,39.1372489197916,39.70391798516,36.7841985393776
8.09028014681319,8.60918772215463,8.72217389304508,9.15890968633768,8.90708316236525,9.70822797686004,9.77779018061145,8.13714656775662,9.35706735126395,8.34227683640935,0.997,0.999,0.986,0.993,0.984,0.979,0.966,0.988,0.959,0.998,42.698690441141,49.9615494686204,43.7402012126955,47.3411285658056,41.1375973483341,41.411341817837,45.1259207508026,42.8729361763811,39.6969658860455,51.6772357279509
11.1392250152609,10.2854626570033,9.5959564900564,10.6295047058719,10.67453541619,9.79983660687463,10.8546295137178,12.7720569936457,7.17790561263982,8.47559649120278,0.934,0.997,0.99,1,0.998,0.991,0.938,0.95,0.99,0.995,40.8140794694049,48.6442268163947,43.3920665045135,47.4231471432556,44.5522776299431,45.6973521772463,42.6837126877596,49.6935946524494,34.3774457025127,41.9279379067561
15.2991001775408,11.9695295977339,14.5150162827219,11.6742493615633,15.7890441609535,12.7557532048091,16.9586772093243,11.4467709174145,17.3122451072018,10.7074644555279,0.747,0.925,0.746,0.926,0.531,0.904,0.501,0.915,0.565,0.944,33.6028959403019,37.7423136311308,31.9027892644106,38.5878476098668,28.7883904887726,41.2493365766305,27.1351700547549,36.7170713786919,32.3662948660072,33.9227935152777
9.67843528208249,11.2977858876164,8.25123975863417,11.4522038295636,8.61221274677981,10.6662990506851,8.01416298150971,13.3390188275865,8.10393299770053,12.8029051541964,0.976,0.944,0.992,0.941,0.984,0.982,0.982,0.715,0.998,0.811,38.9403026252441,38.2393361937481,39.7823203575956,38.7943411601495,43.0337813884348,42.6042750156779,36.3946133935006,29.4793963446196,48.4192453118726,32.8339518984781
7.95680101251317,16.3426248425479,8.34779550948344,16.2704593372562,8.04972182753775,15.1187164832236,8.24314896270673,17.0246081635911,8.35561556614757,15.9443113363152,0.998,0.868,0.997,0.825,0.99,0.756,0.992,0.848,0.979,0.823,45.024435651166,53.6045146280447,43.9655434544193,50.8340374995766,42.4478547498406,44.1644397944073,46.220555191309,53.8091871197949,44.8516782570461,49.2910617366259
8.5046897442633,8.88371877307601,10.3418387665101,9.00463711705663,8.23223254188141,8.91503536965142,9.25856427215792,8.91624903198733,11.067302613741,9.98193297923726,1,0.983,0.928,0.981,1,0.987,1,0.933,0.91,0.978,48.5730596942668,42.3039287879794,38.9079793272956,40.6195505946159,48.2901366224171,43.6987718777459,48.9070134215987,33.4366652025015,35.4179076918268,48.5120688405249
13.2488752996413,16.7562692350498,12.8089891132732,16.6912760470131,13.2016574574511,17.4021941844706,11.6876110963066,17.6378184083972,12.7025701627206,17.9524707587577,0.997,0.751,1,0.766,0.998,0.716,0.995,0.694,0.97,0.676,65.416272863457,40.1880162745955,64.8164777301966,42.1860418120709,63.9027280616644,39.0026933727392,60.5516245920362,40.682317959638,55.1314063333819,37.3427969339733
7.33988585692589,9.36100025700268,7.51295920005133,10.0943661845591,7.71686903530234,10.841694103118,7.16944124204297,10.9841018333568,8.27943693168115,8.7930005064275,0.995,0.999,0.997,0.999,0.989,0.997,0.988,0.998,0.967,0.965,41.9693561214933,56.9692413735814,40.6746879639485,57.1722857071145,38.2728889453587,59.3531445332744,35.4557211928559,57.7611255916097,37.5158204442516,44.9355591121481
8.8732807161491,6.46659476546418,6.55727267970637,6.38161449274726,8.31524063895957,6.3727625039148,7.02177436213526,5.80778670169263,8.21584013630419,7.32790510820328,0.983,0.999,0.998,1,0.991,0.998,0.997,1,0.965,0.984,38.7504020539973,39.6966937815034,32.643802288669,41.4869415928732,42.1147482122462,39.4490587708201,41.8796505086793,38.1467652069575,36.2406550522141,34.3233674606415
10.0436199488575,9.66853678567876,9.47962235274749,10.2088574421555,10.3982533746681,9.99775290692542,9.64780437458015,10.3598290193635,9.4858493211843,9.56427417034086,0.99,0.984,0.999,0.982,0.996,0.965,0.992,0.979,0.984,0.97,51.2156628771107,44.1347559354812,56.1307067417669,48.9170277454979,54.2208239736523,44.2576897361036,56.4141159405487,49.064331756735,48.4695377567082,42.6022450827648
8.15536261410959,9.09362480841674,8.15295854089236,9.36263760458014,7.14230203736821,8.69355113983648,7.64463003721858,8.87789258327,10.9163875912456,10.8868913968395,1,0.988,1,0.982,1,0.964,0.999,0.97,0.996,0.923,54.994731066453,41.900035348949,55.6279406924044,44.3157873889338,47.7362500764186,38.9922418212655,49.1244380694124,37.6119940495367,58.8006948020669,42.2213497899689
13.5093453257104,10.9715435191121,13.7566116862489,10.8787919100348,12.9534309740969,10.6124847014124,14.2362545549512,9.40751057220597,12.3588535650524,12.3932881767762,0.92,0.954,0.897,0.926,0.848,0.955,0.91,0.945,0.922,0.892,45.374974387293,45.9829901467238,42.6867518206996,42.8999607090768,37.1920919517229,45.068175211654,47.5209866177593,40.8800037583322,48.1859705326612,42.2888447797446
8.65910064954896,9.21648916126914,8.78930798695596,9.28624787898704,8.51161594209883,10.4449014817785,8.70498147492215,9.35770123061494,9.81119314727425,8.99470759236862,0.975,0.985,0.984,0.977,0.982,0.954,0.981,0.963,0.89,0.943,34.6702274472374,39.4970123593879,36.548050163374,40.7578603622479,35.8069902304862,41.0493904088886,38.5220463500307,36.2108304482018,31.3204809604206,38.121628219088
8.61072199512127,8.78764024323164,8.80001901494757,8.5697731864165,9.70394023331301,8.64288831086552,9.31613828691277,9.87805785601073,10.7829495562701,10.0393933252263,0.997,0.986,0.995,0.991,0.977,0.994,0.979,0.957,0.973,0.948,47.679417505078,44.0496673563043,49.2026959092755,44.549501766272,43.551065841732,44.7959104423632,45.8289009840955,43.6649292546855,51.9835163911952,43.1439961773171
5.65626171270254,8.93239509729843,7.57167480876222,9.1447027641789,5.74489217106375,9.5999431143857,7.16151305823988,9.65912802502061,8.91392024498355,9.44049869882168,1,1,0.997,0.994,1,0.989,0.999,0.989,0.993,0.943,46.1698005175609,50.7777167206962,43.8436662954079,48.2989173574828,44.772927955524,46.135995340232,49.2154691255716,45.5479396581116,51.8630918644835,40.2779969977662
9.82388975462192,9.04587755258029,10.164022522386,8.95619601666791,9.85603919331665,8.71279294416757,9.42477329414136,9.55835650164222,9.13939936568356,12.0164416492003,0.956,0.982,0.925,0.989,0.954,0.998,0.957,0.985,0.97,0.968,40.1263504226534,39.0278504541189,37.0990059093475,43.3055276029721,40.2418305826509,47.423962044549,41.51465584735,43.5254706945742,38.6291274438437,54.4107211322162
8.33998465230636,10.7354343846182,8.16614314816183,10.3377321948686,9.2215574602846,10.1127664379194,7.75681783273791,10.7717146358739,8.60516541262716,10.6375345587516,0.973,0.939,0.965,0.929,0.916,0.913,0.975,0.87,0.941,0.871,37.4760998666474,38.3653949060014,34.1196726361081,37.5255516023015,30.2930095241787,33.5122630593596,38.6925332346497,32.0903826402989,33.3183103747037,33.6099540709091
7.36653206847345,15.609956720115,8.02576215813435,17.3789103647073,8.34773558523,15.5057238568915,8.10063078338199,15.4251191930366,10.326636109797,13.518449132167,0.999,0.819,1,0.708,0.999,0.777,0.997,0.751,0.963,0.785,47.0109614082675,43.6371218691138,48.19905958213,37.4119116683079,51.8374537077548,39.160244829552,46.9441948935921,38.3937635678211,44.619588892191,32.5286833126596
8.43097680146331,8.58101772796987,10.188912481672,9.30180289698267,11.401970139721,9.10632166877822,9.14174338146265,9.22878305726734,11.4841803410079,8.90472511236832,0.997,1,0.988,0.99,0.994,0.985,0.991,0.967,0.859,0.947,45.9047674068513,40.7145518421351,49.5864212338161,40.7843033297275,54.6658940308234,39.1827910518968,44.1000819525766,35.9671911262335,36.3651009611498,34.4269244507953
9.75065134841365,8.77216082122699,9.853760638564,8.7173613595872,10.545103026683,8.9489016544238,10.1618213328329,8.97620703806713,11.0721183953812,8.68967046227148,0.98,0.985,0.995,0.99,0.955,0.974,0.94,0.973,0.97,0.959,47.2239574947767,40.3635640725575,51.2375585427044,38.3255074866264,42.9312146007868,37.9126765653432,40.4199735064302,39.4695725135006,56.59346272821,35.2484062887797
6.87279046339617,4.91285742492654,8.08328646427661,4.92674387869781,9.90441535185047,5.58151374636092,7.56010191341471,5.17289323355545,8.9961855998838,8.68670755751742,0.998,1,0.999,1,0.963,1,1,1,0.943,0.999,42.021011578165,58.0336506731782,46.7378070835073,57.4645871566033,42.5238937585608,52.9246631820704,45.6643881223815,45.9119918523763,37.7867177344584,56.6320037677678
13.4364324076486,10.794208010686,12.31558282555,9.97237567833084,12.8320143725842,10.2022581562664,11.759196190938,10.0313033337567,12.4381475508072,11.1076016061828,0.934,0.971,0.958,0.964,0.941,0.952,0.92,0.951,0.909,0.954,46.9411341098986,48.6811764405338,49.8249158781273,44.6686453752705,48.2235540158044,41.779620186079,45.0255972895627,42.2091949564517,45.9670945892378,50.0646857867266
7.24480067699372,8.96130685910538,7.11966898138386,9.72200181832589,7.34280985235428,8.8690201736963,8.24955302667471,8.02657067075633,8.13833923894745,8.28873663450599,0.998,0.977,1,0.969,0.999,0.976,0.947,0.966,0.988,0.959,40.1970101092712,45.0151911167483,39.7443110037909,44.6640546965099,39.3333524906069,46.1643262891806,29.2917098882163,35.241200385094,40.2985516111421,40.8861932015675
7.96405367923153,11.1871179392338,7.50586210653544,11.1782403733397,8.28507393236368,10.3468328951474,8.93778750189033,10.7394029998279,8.05936301500736,12.0490315940905,1,0.974,1,0.973,0.993,0.958,0.979,0.935,0.957,0.937,40.4289610406991,48.4004164204706,40.8606568147488,48.7814680079293,44.599877963292,43.2491962000582,41.7554755587748,44.4573192252994,34.3470663558534,46.3359672424861
9.76072326742783,12.3024240698972,9.53179586324953,11.7371133268833,9.05893846455687,11.7080248130744,9.19687034184137,11.4936363778956,8.82552289086614,10.4796807329808,0.966,0.979,0.977,0.991,0.968,0.992,0.97,0.983,0.895,0.96,38.6872479009027,52.3355179181568,41.1858323409369,55.3684901879177,36.7851487573641,53.4642659973997,39.2459013898214,51.9230165536058,29.8566147453237,41.2092021673549
9.8167250624356,11.9243844567715,9.67145583493973,12.1245778795298,10.7348901234496,12.2474771271226,9.64411295185374,12.1477311585321,10.690251935362,11.1313299631658,0.992,0.939,0.982,0.872,0.948,0.885,0.986,0.887,0.913,0.879,45.30125376008,45.3400832440167,43.5081734560812,39.369364441639,38.6547432908343,41.7881910429782,46.742176441138,42.7766028751061,34.6615994419157,39.703445317622
9.18461644987435,9.26713168681725,8.44944844284578,10.4245781414937,9.43177186533811,10.9451116848844,8.9141073949748,11.5848644427763,9.81656119928448,10.7939553645544,0.99,1,0.971,1,0.962,1,0.956,0.996,0.946,0.989,42.5588569365714,59.4873426735175,38.2256382780588,61.7874527414123,44.3223734885684,60.4929447751694,37.0779854089363,58.8329924368907,40.7915399429953,54.6667086897878
8.41472831016344,10.3503154031806,8.23918156904878,11.1150283270862,9.05903582513731,11.301417348109,7.53005713202369,10.4846440745457,8.07796250163419,10.5921495671074,0.991,0.995,0.997,0.995,0.959,0.983,0.995,0.987,0.987,0.953,39.3476043617838,54.2056135395964,42.3226554788884,54.6724671558905,38.1465913274749,56.6041275363392,37.8389746906199,53.295414465053,41.4251725324977,47.6977441859212
8.11255344413734,8.43296804905843,9.63243116067704,7.60940636374399,10.6145028732172,8.59661060403597,7.71290091746612,8.15472489873265,8.10281628427169,8.85435281669037,0.987,0.998,0.971,0.997,0.915,0.984,0.961,0.993,0.941,0.946,39.3586765434527,50.610818507241,38.4802682153856,51.0576956520764,38.302346055203,43.7509702115077,34.1766461874625,43.5641411773392,32.1277590385548,39.7178500620354
9.65080456613456,8.52606960862398,9.79401108036066,8.77578578428605,9.9291735716709,8.52256431499866,7.9862402084532,8.81408959881728,11.4288455010307,8.41040581664172,0.963,0.996,0.965,0.973,0.944,1,0.982,0.972,0.845,0.983,36.1570135832807,37.3184359407155,36.5012900243803,34.3727699027826,36.5138582979734,42.3379970892072,37.8097244464922,37.0577738996034,31.2314444032895,38.1388994990536
10.4021254159167,9.89002337065945,10.6483081930859,9.92677794364676,10.7554262179827,10.9797505515278,10.0634435557166,11.0262215819236,11.1901526994223,10.048281705796,0.962,0.975,0.97,0.969,0.944,0.901,0.951,0.886,0.927,0.763,45.9054481631067,37.4401598514841,49.3474724917336,38.3198793161576,45.835595543408,35.7160079564526,40.4365525109438,33.7949578772153,43.7758173132104,23.9225831364013
11.9848118652124,7.77856893729476,11.6491131351187,6.80989666556209,12.2911669483208,7.67360048280997,11.9591542008295,6.67436434658479,12.2016366688637,5.31727535965512,0.936,1,0.888,1,0.889,1,0.901,1,0.763,1,41.7579593535068,44.240581953142,38.7358379551886,48.6558044888151,40.6930840305701,42.7896707285912,41.0167358654803,44.9923917665698,31.7869879529513,45.9582689417194
8.28036186429641,9.94477500254731,8.83751338185119,9.84422305549658,8.03481924356287,9.94869506178356,9.2137460952751,9.70075891414174,8.4585755623091,9.73776391837287,0.998,0.968,0.989,0.959,0.98,0.944,0.99,0.952,0.956,0.925,39.4480659491303,42.9521630326844,36.4904317582387,41.6429444159524,32.5558740025758,39.356316988327,37.8807042767239,38.8430619662299,32.6339910408448,38.0390378616606
10.1299959919079,10.5461832197306,9.38235389316597,10.3866276003844,10.8754506126096,10.4014479923714,10.1844023558695,11.1771036314295,9.13399163686079,10.6058892364693,0.972,0.918,0.978,0.927,0.967,0.905,0.959,0.896,0.95,0.922,48.173048028514,38.2035020796618,48.2768804881225,38.5502445613041,49.4094985727231,35.1709434341406,47.2753901675661,40.1553219859817,42.1218270381338,40.7483686703646
10.7970775454785,10.6480774530067,10.7517898737327,10.2825051444658,10.9700186302575,10.8903352879771,9.94749632176377,11.4667808754813,11.0290805398676,10.597296142993,0.911,0.939,0.944,0.94,0.917,0.931,0.901,0.887,0.643,0.906,34.9634137719767,39.5999382558795,37.0799040001604,36.1340813176031,38.224560108913,38.2585964062928,33.9600379625086,37.619780993462,21.0490287643562,38.7461595861943
7.20407883966119,9.32877232044631,7.94463806912287,9.55623030074871,7.24698770381094,8.81242266135807,8.58594228571061,9.54354833976652,7.1748604908256,10.3594902659951,0.996,0.982,0.998,0.983,0.999,0.986,0.985,0.972,0.994,0.928,43.2160719400248,41.7704936354053,44.7112786009668,41.8008591110007,47.8965022798286,41.2210735160915,42.6399415479428,41.3572462567189,42.1289031894557,37.4301286167019
10.0290374926329,10.3926202913635,11.4237399663028,9.71471056582886,9.94572754207491,9.64474320972949,11.7330467644489,10.8900936522233,12.4683873942365,10.2926520086715,0.96,0.997,0.954,0.998,0.928,0.999,0.943,0.986,0.931,0.962,45.3137875964389,48.6877605153584,46.7717021174997,47.27474771197,38.7624686192577,49.7006414965161,43.4235035528405,46.1252495603602,48.9813978220369,37.1798080241808
11.3723370682884,11.8222129711259,10.5511155386823,12.0512091534667,11.7520758115028,12.0633418489304,9.16484456235457,11.9917155427255,8.04975209151564,12.8343835736856,0.992,0.935,0.998,0.908,0.986,0.955,0.98,0.93,0.955,0.882,53.0540837881321,44.3829387831515,52.489592064406,43.0961587527813,56.2808592133204,47.3915733899422,41.5404860613165,46.2995768102676,38.0656706744784,44.1233477218089
7.19749229817426,12.2757105506403,7.26609626554968,11.8247035159076,7.45580568026488,12.5772739379882,7.61860971408491,11.7447418870962,7.78453781767648,15.102495514851,0.995,0.928,0.997,0.941,0.995,0.91,0.994,0.915,0.985,0.861,41.8050322884095,47.5818954985073,45.2501011133692,46.2202755276593,47.4248578584038,46.3669410087313,42.658486477626,43.2998063197487,40.8152024433174,45.6220155994065
8.73214423290004,11.6454354356651,8.53797397117814,11.7488804584048,9.61351911930715,12.2839917863909,8.01859719671914,13.2349433684423,11.2336713586794,12.8043446971572,1,0.896,1,0.881,0.998,0.896,1,0.863,0.999,0.799,61.6920389727551,36.7723403677344,56.3803000341502,37.2770144911322,60.8344014739194,40.241925914229,48.9222671159168,39.0655752879143,63.9945201527093,34.5227589218892
13.7329793787727,11.5914508722942,12.5406138375843,11.4517964432095,12.9015008662789,11.7255011703601,12.2162825268369,11.6950196987496,16.4372199796486,11.4309143771402,0.779,0.951,0.93,0.94,0.816,0.934,0.906,0.891,0.356,0.843,32.8780355060655,47.6614554328767,38.7602170888342,47.2716912212626,33.5002192291745,46.8969871715032,39.5305021440939,39.2482525684351,19.9744626186308,36.7515919239811
16.9825934919342,8.98139252522073,16.1072573931929,9.12182810509273,16.4867101362057,8.43974967011578,18.7014968824164,8.66584848549195,17.0175736807327,9.20731308312554,0.742,0.974,0.87,0.942,0.706,0.967,0.63,0.983,0.729,0.933,40.4387497313752,37.2011426158218,48.9653007031007,35.0914989648856,37.5306229631923,35.5639365013314,36.9778113666885,38.4214194815386,40.4515112214673,33.977061786243
8.65404405792534,9.01168365243842,7.7679208375382,9.36843703142881,8.38472030270545,9.00132104603859,12.4063973074233,11.3759029766046,8.69514961140811,9.32461752481684,1,0.988,1,0.958,0.995,0.98,0.983,0.906,0.984,0.972,58.4568654058939,36.9212594161626,54.5225569663833,35.6499644208571,46.82737674437,37.3188771339781,59.0566726319928,37.8589423550504,46.8427511235307,35.8076305507041
9.55446621238601,11.5830973914273,9.03582207772411,11.8380401376456,8.83793144545886,11.5262462512644,8.44079965979987,11.7866196742277,9.73944975571831,10.398506780051,0.97,0.991,0.974,0.987,0.979,0.993,0.999,0.948,0.943,0.969,39.7585233389736,54.4827561460681,37.8055690539091,52.0225516288085,37.9103519941151,50.7105774127549,41.5125262699992,47.8194828725125,41.0007817794023,45.9117775421152
7.73417856641574,8.72447408563937,8.01506317260193,8.49032636020391,8.50458177206369,8.66994992494774,7.93344147299617,8.43848952628702,8.93824535162584,7.6008581163254,0.999,0.994,1,0.993,0.99,0.987,0.969,0.986,0.963,0.991,45.1649865271197,38.9884265638349,45.2002829322148,39.3142075912902,46.5343020062048,36.3533677546698,34.2308675794059,41.6725346796725,37.1627630442335,37.7537449374848
13.2370912688549,10.321960737339,13.1249314049034,10.6439067611683,14.6447295612097,11.5135522654187,13.074362907943,10.9157647903121,13.4510599196489,11.5010442623327,0.886,0.968,0.923,0.933,0.825,0.907,0.862,0.912,0.714,0.822,41.5389461547053,36.8189492678892,43.9411087910073,36.5002775620689,41.9553035795654,37.0784204707503,34.870375673498,37.2976864712926,29.6322477671254,30.5589625610743
12.261494002787,10.7304910176169,11.6845671781451,10.2044476438125,13.1688574668502,10.7512941802755,11.6504190446008,9.88941794498073,12.1285475947758,9.84047174674514,0.93,0.974,0.957,0.977,0.898,0.982,0.93,0.97,0.846,0.967,45.1670502573537,49.2911793992817,46.7667908366487,47.1161246861806,43.4233134036914,52.8725279938131,43.2399401555044,49.3652256181518,36.3391267271125,44.8060498983575
7.56972270035391,11.6429606570595,8.89286190949955,13.168639887726,8.85293863348721,13.4742245858339,9.14796065201143,11.0432625431312,7.74783619999226,11.6030844489618,1,0.973,0.991,0.941,0.992,0.956,0.986,0.947,0.996,0.95,47.7540632918753,52.8950031035356,49.3477427104634,50.8095938750283,45.3031580151007,55.1270570741154,47.2399961513265,45.4666914769793,44.4149306617499,48.22575966214
12.4368470233229,9.65798688050577,13.0356003366499,9.6878487429202,13.0679464990675,10.0318463307559,13.5334988399572,11.5555226641833,13.345405180053,10.3525292106973,0.973,0.956,0.962,0.955,0.947,0.948,0.937,0.898,0.881,0.899,51.6678749471581,36.9581945049916,53.4786673003007,34.7387193108413,50.937329010678,33.5111032361617,51.2405030699769,42.4802338500765,44.7895462210793,37.9100916189569
10.8438607629248,11.3135702129234,11.8080286607088,11.5198113144419,11.3005641097689,11.2229854710148,11.1265896330966,11.262044271683,12.034410464744,11.3550396265695,0.934,0.975,0.857,0.9,0.874,0.934,0.881,0.93,0.857,0.926,36.0033068557499,38.4187058229082,33.3209724248019,35.0184820210274,34.4505337485135,38.0232129014501,32.1644677442617,35.9153500006503,34.8380899313139,39.2999832954098
8.29230764779535,9.37417312119869,7.97668637737726,9.44493792070392,7.20575966450648,9.43030817698952,7.87669326389547,9.28274390179326,8.53820688764398,9.38418343860547,1,0.982,1,0.963,1,0.939,0.999,0.989,0.997,0.939,48.784754158529,37.8740992556443,46.9692417741446,37.1922010631907,42.594186883736,34.7877330071071,43.0129073868636,39.7119075253824,44.7471242104923,35.524770388949
10.2902830905237,8.35634921091138,8.07200838385868,8.46621445208835,8.75529200858327,8.45139674511336,11.2399553531384,9.06141585587241,14.7250467100197,8.32118618392391,0.996,0.996,1,0.993,0.988,0.989,0.985,0.963,0.939,0.949,56.3825453258979,47.7817670324248,50.6787356390425,43.8632813321583,49.072809499833,41.0499975757266,52.6791995379208,41.0644767581249,54.2343677897612,33.5295205185686
12.8721684314745,8.35623056274614,11.8910010589392,7.75209443155336,13.2660443899119,7.87073923974423,12.27452244931,8.06473946668686,11.3845151371892,8.90465341195589,0.853,1,0.832,1,0.829,1,0.783,0.985,0.878,0.947,35.2746039522003,48.2694084948821,31.7335857838858,45.7018774367596,35.1664104767582,44.1736630956686,30.6007058915343,40.5909165026177,32.32413797359,34.4313674781893
9.37849880534003,10.1902367063186,9.83588040458017,10.2003564294489,9.24071336381082,10.3247225287486,10.0900199904876,10.1984021650597,6.88473694641891,9.79603967688951,1,0.96,0.997,0.941,0.999,0.921,0.995,0.96,0.997,0.925,55.2709379208615,38.7435920739498,49.9243406354921,35.6019051709467,51.9671535939433,35.2628495403192,50.6037044729412,37.8222279481484,45.083979299541,38.1894061944495
14.0713566528876,8.35955748050404,13.9075123518093,8.50931809636885,12.5396896745433,10.6929708197132,13.6933639902551,8.4469127516546,14.323752536918,9.18616295065411,0.973,1,0.949,0.999,0.976,0.981,0.967,0.993,0.903,0.95,59.8920805828499,43.6202964522967,56.7729424617141,45.0826558146173,58.4528312254558,46.3499289562295,54.4144380007826,40.1736775011674,52.0983891766787,38.3523747061142
7.94983752814386,7.87045680465597,8.56975424613058,8.53695667947318,8.53207759183571,8.00918339181586,9.10946701245591,8.16043179352079,8.38331636914648,7.12847026175267,0.998,1,0.975,0.977,0.963,0.999,0.931,0.979,0.976,0.996,41.7074197901138,42.2414805606681,37.134049155044,33.9511133040887,35.7819129409799,41.474266493324,36.8974151160445,36.0527096729617,36.4097473941762,46.8778233137078
9.59473422057401,7.22931845948067,9.30431116048172,8.81106818944679,9.6381543183795,6.2880730857025,11.0532335425834,8.16018607131458,9.82957265565143,6.74253095596918,0.955,1,0.976,0.987,0.978,1,0.935,0.997,0.901,0.991,39.2684398505991,40.1000744457849,39.0070892457698,43.4831749569246,41.7394692545351,41.625650448885,41.5793133245661,36.604010908723,32.4395988117946,42.177990553353
8.17035698680814,11.6594816689585,8.19504561229384,11.3094074195684,8.19265729979483,11.4205489641925,7.62742734668422,12.3038575709939,11.57304079712,11.6372699973681,0.99,0.949,0.998,0.975,0.975,0.965,0.988,0.923,0.905,0.908,47.453918811232,47.9371773093092,48.1827387395125,49.8569795700009,42.5103465875017,47.3845537051497,47.4318423298066,47.2142189660915,45.9148821149155,41.5695375357517
13.0546558088283,11.1784520328789,16.2079672062523,10.7412686799181,12.9591847880972,9.76910905891751,10.2505698584877,10.3658403836751,11.3959137356749,9.73166260805652,0.952,0.986,0.9,0.979,0.96,0.998,0.971,0.893,0.972,0.968,50.876226970441,40.8356323731436,47.4267829866488,39.8221412281801,49.5316452224522,40.4715819309907,44.9996353617459,32.7920166163489,51.4340602942072,37.8748774798733
9.82803871238485,11.9015372826391,9.18299171032738,11.9951852045373,8.99202734363096,11.917028908526,9.93408632651734,12.4717299634552,12.9376084311263,11.9317168071123,0.986,0.971,0.984,0.959,0.99,0.923,0.978,0.947,0.895,0.865,47.9639283914003,44.5333602691629,44.3730820943897,45.7760604093088,45.0821362103205,42.3816923696016,44.0947285630316,45.5838727409769,47.8640792671196,37.3349336603712
7.43243133725948,9.10656065917377,7.552923005028,9.29633082882109,7.86212701046184,9.9056366342999,7.30395985281404,9.78806494282107,7.26598699597078,8.98275383543461,1,0.993,1,0.998,1,0.98,0.997,0.973,0.993,0.925,54.3193237591907,44.3075471145303,51.6367104886343,46.5589937604628,50.4370330930595,44.8521117631342,43.6627802618146,45.5682444329108,45.1163473298691,31.9359735170004
8.13397178834323,8.32001808030853,6.98781536658465,8.42179173082576,7.61865900793877,7.95654479854245,8.5181547012901,8.59216344349701,6.93384022076162,7.47364417648518,0.976,1,0.991,0.991,0.983,1,0.971,0.935,0.977,1,33.6910642006817,38.6345992816469,34.8567585033362,39.7483316032683,42.1376053816471,38.9765355611389,41.617231416512,29.7242585396556,36.6843052351232,42.6905092849571
15.6880893413209,10.4212920745413,14.9745876384738,10.6198172584878,15.3700080783241,10.6326130943719,16.024894525453,10.4522329883124,13.4358871951175,11.6714417995705,0.979,0.982,0.981,0.976,0.964,0.975,0.96,0.935,0.91,0.914,57.9932673470816,49.8570708783949,55.3648232673391,50.56990581638,53.8929991449905,54.6613084900495,52.9012546396289,39.7586895100784,47.3628058265308,46.8300062860414
6.93403123951956,7.04698166257691,6.84902803273573,7.40476495766692,6.47606596194324,7.24057612681828,7.58760302365734,7.3675608348041,6.46564005825534,7.14614920119592,1,1,1,1,1,1,0.999,0.998,0.997,0.977,53.3504997225197,47.4917448366653,52.8638993358101,44.0409591869453,51.7017333766626,45.485387973897,48.0769483150482,44.9727387535402,48.5844246303553,33.7272932941756
10.194376851623,10.9549345462225,10.5395666011869,10.784486410262,10.4643575987527,11.1756230506043,10.6823334147073,11.5340151952119,10.9122066553118,10.8076332981714,0.967,0.944,0.957,0.946,0.941,0.942,0.924,0.826,0.876,0.893,40.4749569792937,44.8894541027935,42.5826164149934,43.3418680119514,37.2936044617256,43.8577418335469,40.70145931065,33.8279930411256,36.0922677809447,40.9651516804006
9.20789638555417,7.9650690653162,9.31581190557517,8.34511025031025,10.4610849299872,8.50471570178789,8.91624049248948,8.9693705710681,9.56055915819715,8.47644992247079,0.99,0.997,0.982,0.989,0.981,0.993,0.971,0.979,0.914,0.96,47.0673901698668,43.6232930164026,47.3510177374165,39.6630306569007,50.1345467301338,46.6215311737141,43.7057152620235,46.1235045637741,37.050899316097,38.2369559932262
8.24074710617607,12.9461039179892,7.2961152368686,11.8993477424624,8.54057814360913,11.9690671705641,9.28630954069308,11.8497047780659,9.72195276031289,12.1473033261551,1,0.883,1,0.955,0.986,0.95,0.993,0.789,0.973,0.808,47.7034526365044,41.6117247510733,43.5247596519597,43.3315573188907,42.7221975415533,43.7731241062911,45.6780762242466,34.1744310823516,43.3855378923307,34.0028009986527
10.0980848160578,6.94382711133744,10.0957933964123,6.60808843534625,9.74486172110812,6.52340274920379,10.2477828678858,7.50040163513768,10.2117961724584,7.26010806695614,0.993,1,0.986,1,0.978,1,0.989,0.997,0.948,0.993,48.8146338852309,47.7393080067984,48.5063358331393,48.4321495281272,46.428891913363,44.3648304426282,52.9766941322505,47.5326850517809,44.6337878981505,39.6883558767811
9.01426853766576,16.0416288783234,8.55306194081573,15.6208134755878,9.63130008310434,16.1067715104921,9.35356018554122,16.8041055748066,8.44143896050437,16.2703897883632,0.954,0.82,0.971,0.769,0.916,0.819,0.923,0.727,0.942,0.753,35.6547325687368,43.1565065300055,35.7504766290404,38.6370434182709,34.4222574588158,47.0762074499934,34.7281136926313,40.0971070227555,33.5264872773679,41.5835278288924
6.11582438646193,10.2091630222695,6.86920067612159,10.0390292690216,8.11890095778695,10.3211217169864,7.45971080211215,10.1531417439013,6.16332827579682,10.2866143846485,1,0.969,1,0.995,0.974,0.937,0.991,0.98,1,0.901,36.8126475876991,42.193034304347,39.8896988541209,45.3977752608011,30.4937564427301,37.3506387961469,35.1406527511027,41.842261728003,37.4116804233584,36.9525313298464
7.49809282878776,12.12194487554,7.21438707624332,11.8198664703533,7.87901717907634,11.1467443984414,7.18247523968214,9.36887833616409,8.21758664320339,11.957469714565,1,0.904,1,0.932,0.995,0.952,0.999,0.934,0.953,0.829,42.5565020380025,42.3939101839082,40.16661664872,42.2631946668018,36.471771521217,44.1306681394715,41.4562682459078,35.4743420704354,36.2416309500431,35.7523684678755
8.11035924077833,9.31908537973223,8.49201106315118,9.98463854992422,9.20276910202102,9.39137283248447,8.77103922363743,8.74982076395025,9.0686161310608,9.15498412710683,0.997,0.987,0.987,0.985,0.991,0.979,0.994,0.978,0.963,0.911,46.7765105262848,39.0670892908655,45.6266098594409,40.0843368702173,48.8508826359147,39.2151334956745,47.122664142275,35.6300257974078,40.3424481487895,28.5913459549624
6.6412043675177,8.45157333425628,7.33050659337223,7.85782847422036,5.98772350926426,9.66665392200847,7.57192689509822,9.52611860889676,7.04766722798214,8.12245466360608,1,0.999,0.993,0.999,1,0.994,0.962,0.997,0.983,0.988,39.4622695764292,51.2709685726268,38.0228417330112,45.9976375370988,39.486744451931,47.8014964691999,33.5667529910192,48.5480160083702,33.9653793686789,47.5793392067012
12.2317975859791,9.94183449581702,12.1088716248932,9.8312092943628,11.7095075639247,10.9876823557609,16.5588468673504,9.61132398500861,12.328298487182,10.6821754876473,0.908,0.963,0.92,0.953,0.868,0.891,0.64,0.962,0.887,0.872,36.4742263423712,38.4422443286163,37.6575866198419,36.5928244096125,32.0363947122606,34.232175238647,32.0617648257668,39.6259336846636,36.4507896324954,34.3444339127618
8.44569302470027,11.5885705839136,8.26934939864384,12.1503699084103,8.81988567343438,12.1554734160831,8.98609160746203,11.1079638465031,9.56219755077367,10.8402735955439,0.986,0.851,0.993,0.825,0.984,0.846,0.945,0.785,0.94,0.868,40.7593656786267,33.7824499098828,40.7592585365244,33.2322601140036,41.4678580305285,34.5910993197831,34.779829792509,29.8994074114441,34.1267331493104,32.6015644544046
8.92309372200939,9.46812493830017,10.8541157208187,10.7103365232036,9.91896393870051,10.3745420574118,10.9109319640849,9.26334280637923,10.2708807632328,9.98991004308768,0.996,0.996,0.978,0.978,0.994,0.983,0.969,0.985,0.951,0.92,50.143728822318,47.8812061840236,52.5266595034178,48.8707399034069,53.183864466617,44.7527733669663,48.8736642209369,41.2631080107378,47.9342194025123,37.4395915137771
10.3729495803137,7.41816321072899,9.90723717306451,7.60202987029373,9.17612946328465,7.46750066151629,9.57268781783659,7.35074440157845,9.77748428658601,8.84497168244851,0.992,1,0.977,1,0.995,1,0.964,1,0.971,0.984,46.2760788631241,47.3759967619833,40.3728502076568,49.345648762071,43.0701182111857,53.299130812572,40.4734850733902,52.5052055731695,47.1552197018743,49.2773195818754
7.92694759011899,10.7561905671765,7.47582808254016,10.0585238853351,7.73890332738914,11.0966551991639,6.66497347827826,10.2381157533276,7.33560522328878,10.2797083972057,0.992,0.935,0.997,0.95,0.981,0.9,0.992,0.882,0.968,0.837,35.7707473853085,37.8086246474774,35.2636933124939,36.4603265480529,33.0904023633101,35.9969234182439,33.9936464517923,32.9746392614369,29.9916825567,29.0665576312159
7.87264295790671,11.2978329415345,8.3808897886624,11.5641766173655,7.12520531712634,11.3308865488933,7.56060616420188,10.8930778623443,7.82249767315032,11.4005546692549,0.998,0.932,0.99,0.942,0.999,0.92,0.999,0.912,0.998,0.891,42.7567014904928,41.6657806532831,42.0732824632807,42.8209927274716,40.2765293587189,40.4462973318343,39.7099019895222,37.2015148379846,41.5499286754811,38.176280917382
11.2929476551535,10.0055598617296,10.7327767218781,9.21739195208582,10.5859359307979,9.25468820385477,12.2977372920185,9.4717667105129,13.0074382422847,8.15708215447582,0.995,0.97,0.991,0.966,0.987,0.974,0.955,0.96,0.897,0.97,51.0518563102013,41.6677254025716,46.7510405320795,38.0978927486316,45.0891533050702,41.2440043014902,47.3171343202426,40.4167582061627,39.2259400592862,37.1008147600369
9.81287455832085,9.14243121977967,8.79992809267033,8.76043335036045,9.17008173633767,9.20004320904116,9.62026338913854,9.82058121889913,8.36551487780422,8.21883392949918,0.981,0.992,0.993,0.996,0.981,0.981,0.976,0.955,0.972,0.967,45.604110488723,47.7323306620543,44.9267024137719,45.9564560221812,42.1379724984566,47.1316769270441,45.7643321201153,43.1059943744834,37.9052063115135,40.0994001291711
9.16468604350371,9.87440773479172,8.78187408114882,9.94989289307575,8.9918713476029,9.98840323786441,9.21287388543129,9.94595408692659,9.24420412559682,10.2497173657775,0.985,0.891,0.968,0.9,0.981,0.928,0.964,0.972,0.942,0.95,43.4532793701734,30.8802137857332,38.9336657635066,32.7538685871185,38.9719700067091,34.5376036421618,39.837823658475,37.4442875227312,36.9812800113842,37.7989137161007
7.01796917878848,9.4922067779419,7.36393722793889,9.42271785475867,8.34125630310288,9.70345167453537,8.33191534821381,9.57284566178867,7.05726830138338,9.48735101906312,1,0.971,1,0.957,0.994,0.966,0.995,0.959,0.999,0.894,48.1979596574139,41.2760260674908,44.1336318034474,39.9752064447193,43.6752237692526,43.7149864077905,49.8814219407261,39.7289493571159,48.5177987758531,33.1836036499089
9.11064232061472,10.3320011003776,8.62195506280187,11.6049498377825,9.02108192847714,10.0540923985652,8.83359463818105,9.82537694347155,9.48090594352694,9.5929180114244,0.999,0.932,0.994,0.896,0.986,0.955,0.987,0.908,0.978,0.853,50.8350036475496,39.4985311921693,47.2819867972628,40.8184809776469,45.8046202197736,40.7327146544786,45.4129743854192,35.6363041008769,47.4836418752716,31.8839222325113
13.3551985370803,9.10821657698944,13.2418033408388,8.43998901580816,13.0642537144726,11.1394774299425,12.5082856793815,10.0901754692476,9.12471025469144,12.2788674148629,0.9,0.999,0.923,0.999,0.929,0.997,0.937,0.998,0.968,0.937,41.3767693245796,54.6492235512691,41.3444571017346,54.4259683989514,42.8082422477986,57.4477533667731,50.0500810286754,62.5748623506401,42.0265327050628,52.021022980693
